review_id,date,brand,product,channel,content,rating,rating_sentiment_label,label,tokens,rule_sentiment_score,rule_sentiment_label,ml_sentiment_label,problem_categories
1,2026-06-02,爷爷喜欢茶,柠檬茶,外卖,柠檬茶喝完没有回味，普通饮品,3,中性,中性,没有,0.0,中性,中性,
2,2026-06-03,瑞巴克,奶盖茶,门店,奶盖茶的小料硬邦邦的，像是隔夜泡的,2,负面,负面,硬邦邦,-1.5,负面,负面,产品问题
3,2026-06-04,爷爷喜欢茶,水果茶,外卖,爷爷喜欢茶排队五分钟，水果茶口感也就那样,3,中性,中性,排队,-1.0,负面,中性,出餐问题
4,2026-06-05,爷爷喜欢茶,杨枝甘露,门店,杨枝甘露口感好，料足，包装好，没有洒,5,正面,正面,口感好 料足 包装好 没有,5.5,正面,正面,
5,2026-06-06,瑞巴克,奶盖茶,门店,店员对奶盖茶的配方不熟悉，答非所问,2,负面,负面,不,0.0,中性,负面,
6,2026-06-07,蜜雪茶姬,珍珠奶茶,外卖,这杯珍珠奶茶茶香不够突出，比较平庸,3,中性,中性,香 不,1.5,正面,正面,
7,2026-06-08,瑞巴克,厚乳拿铁,外卖,厚乳拿铁的奶盖有点稀，不过整体能接受,3,中性,中性,有点 不,0.0,中性,中性,
8,2026-06-09,蜜雪茶姬,杨枝甘露,门店,这杯杨枝甘露茶味和奶味完全分离，很难喝,2,负面,负面,很 难喝,-2.4,负面,负面,口味问题
9,2026-06-10,爷爷喜欢茶,珍珠奶茶,门店,珍珠奶茶清爽不腻，珍珠口感好，下次还会买,5,正面,正面,清爽 不 腻 口感好,1.0,正面,正面,
10,2026-06-11,瑞巴克,水果茶,门店,水果茶热饮版本也很香，冬天暖胃刚好,5,正面,正面,很 香,1.8,正面,正面,
11,2026-06-12,蜜雪茶姬,珍珠奶茶,外卖,珍珠奶茶包装普通，味道也普通,3,中性,中性,包装普通 味道也普通,0.0,中性,中性,
12,2026-06-13,爷爷喜欢茶,杨枝甘露,门店,杨枝甘露的芝士奶盖咸香适中，茶底也很清新,5,正面,正面,香 很,1.5,正面,正面,
13,2026-06-14,瑞巴克,水果茶,门店,瑞巴克离公司很近，午休来一杯水果茶很方便,5,正面,正面,很 很 方便,1.2,正面,正面,
14,2026-06-15,蜜雪茶姬,珍珠奶茶,外卖,不算难喝，但也没有想象中好喝,3,中性,中性,不 难喝 没有 好喝,0.0,中性,中性,口味问题
15,2026-06-16,瑞巴克,奶盖茶,外卖,瑞巴克的奶盖茶甜度正常，价格也一般,3,中性,中性,甜度正常 价格也一般,0.0,中性,中性,
16,2026-06-17,瑞巴克,奶盖茶,门店,奶盖茶的奶盖有腥味，完全喝不下去,2,负面,负面,腥味 不,-2.0,负面,负面,口味问题
17,2026-06-18,蜜雪茶姬,珍珠奶茶,门店,这杯珍珠奶茶喝着有股怪味，像是变质了,2,负面,负面,这杯 喝着有股怪味 像是变质了,0.0,中性,负面,
18,2026-06-19,蜜雪茶姬,奶盖茶,门店,奶盖茶奶盖和茶分层明显，颜值和口感都在线,5,正面,正面,奶盖和茶分层明显 颜值和口感都在线,0.0,中性,正面,
19,2026-06-20,蜜雪茶姬,厚乳拿铁,门店,蜜雪茶姬这次的厚乳拿铁挺划算，排队也不久,5,正面,正面,划算 排队 不,1.0,正面,正面,
20,2026-06-21,瑞巴克,奶盖茶,门店,奶盖茶杯子漏底，还没喝就洒了,2,负面,负面,漏 没 洒了,0.0,中性,负面,包装问题
21,2026-06-22,蜜雪茶姬,珍珠奶茶,外卖,蜜雪茶姬的珍珠奶茶包装换了，感觉不如以前,3,中性,中性,不,0.0,中性,中性,
22,2026-06-23,爷爷喜欢茶,水果茶,门店,外卖水果茶没加我单点的小料，钱白花了,2,负面,负面,没加,-1.5,负面,负面,产品问题
23,2026-06-24,瑞巴克,奶盖茶,外卖,奶盖茶喝完没有回味，普通饮品,3,中性,中性,没有,0.0,中性,中性,
24,2026-06-25,爷爷喜欢茶,珍珠奶茶,门店,珍珠奶茶的包装很严实，插管都不会洒,5,正面,正面,很 不,0.0,中性,正面,
25,2026-06-26,瑞巴克,奶盖茶,门店,香醇奶茶的奶茶口味比较浓郁，喝起来口感很顺滑,3,中性,中性,香 很,1.5,正面,正面,
26,2026-06-27,蜜雪茶姬,厚乳拿铁,门店,今天买的厚乳拿铁很解渴，夏天喝特别爽,5,正面,正面,很 特别,0.0,中性,正面,
27,2026-06-28,爷爷喜欢茶,杨枝甘露,门店,杨枝甘露的芝士奶盖咸香适中，茶底也很清新,5,正面,正面,香 很,1.5,正面,正面,
28,2026-06-01,爷爷喜欢茶,珍珠奶茶,门店,这杯珍珠奶茶入口丝滑，没有颗粒感,5,正面,正面,没有,0.0,中性,正面,
29,2026-06-02,蜜雪茶姬,珍珠奶茶,门店,店员推荐珍珠奶茶说招牌，结果很难喝,2,负面,负面,很 难喝,-2.4,负面,负面,口味问题
30,2026-06-03,蜜雪茶姬,厚乳拿铁,门店,厚乳拿铁热饮版本也很香，冬天暖胃刚好,5,正面,正面,很 香,1.8,正面,正面,
31,2026-06-04,瑞巴克,水果茶,门店,水果茶的芝士奶盖咸香适中，茶底也很清新,5,正面,正面,香 很,1.5,正面,正面,
32,2026-06-05,蜜雪茶姬,奶盖茶,门店,外卖送来的奶盖茶包装好，冰量合适，味道喜欢,5,正面,正面,包装好 喜欢,3.5,正面,正面,
33,2026-06-06,蜜雪茶姬,奶盖茶,门店,奶盖茶的茶味很浓，不是那种廉价的香精味,5,正面,正面,很 不是 香,-1.5,负面,正面,
34,2026-06-07,瑞巴克,奶盖茶,门店,瑞巴克最近涨价明显，性价比低,2,负面,负面,涨价 性价比低,-1.5,负面,负面,价格问题
35,2026-06-08,爷爷喜欢茶,柠檬茶,门店,柠檬茶的椰果发酸，明显不新鲜,2,负面,负面,不新鲜,-2.0,负面,负面,
36,2026-06-09,蜜雪茶姬,珍珠奶茶,门店,\\n\\n要的冰#摩卡#，杯量不小，但喝着感觉咖啡味道不是很浓郁，偏淡了些，而且摩卡拉花真心难看，还不如不拉花,5,正面,正面,不 不是 很 不 不,0.0,中性,正面,
37,2026-06-10,瑞巴克,厚乳拿铁,门店,厚乳拿铁价格涨了，但品质没跟上,2,负面,负面,没,0.0,中性,负面,
38,2026-06-11,瑞巴克,水果茶,门店,瑞巴克的水果茶分量足，一杯能喝一下午,5,正面,正面,分量足 一杯能喝一下午,0.0,中性,正面,
39,2026-06-12,瑞巴克,奶盖茶,门店,瑞巴克客服态度冷淡，投诉也没用,2,负面,负面,没,0.0,中性,负面,
40,2026-06-13,蜜雪茶姬,杨枝甘露,门店,杨枝甘露点了去冰还是给了很多冰,2,负面,负面,很,0.0,中性,负面,
41,2026-06-14,爷爷喜欢茶,杨枝甘露,门店,这杯杨枝甘露果肉很多，喝起来很满足,5,正面,正面,很 很,0.0,中性,正面,
42,2026-06-15,蜜雪茶姬,厚乳拿铁,门店,这杯厚乳拿铁冷热都好喝，冬天夏天都适合,5,正面,正面,好喝,2.0,正面,正面,
43,2026-06-16,瑞巴克,奶盖茶,外卖,瑞巴克的奶盖茶包装换了，感觉不如以前,3,中性,中性,不,0.0,中性,中性,
44,2026-06-17,爷爷喜欢茶,水果茶,外卖,爷爷喜欢茶门店环境一般，水果茶也就那样,3,中性,中性,门店环境一般 也就那样,0.0,中性,中性,
45,2026-06-18,爷爷喜欢茶,水果茶,外卖,今天的水果茶有点甜，但还能接受,3,中性,中性,有点,0.0,中性,中性,
46,2026-06-19,爷爷喜欢茶,杨枝甘露,门店,杨枝甘露半糖刚刚好，茶香和奶香融合得很好,5,正面,正面,香 香 很,3.0,正面,正面,
47,2026-06-20,瑞巴克,厚乳拿铁,外卖,价格有点贵，不过用券后还能接受,3,中性,中性,有点 贵 不,-1.6,负面,中性,价格问题
48,2026-06-21,瑞巴克,厚乳拿铁,门店,厚乳拿铁的甜度选项形同虚设，全糖太甜无糖没味,2,负面,负面,太甜 没,-2.0,负面,负面,口味问题
49,2026-06-22,爷爷喜欢茶,柠檬茶,门店,爷爷喜欢茶的柠檬茶喝了之后肚子不舒服,2,负面,负面,不,0.0,中性,负面,
50,2026-06-23,瑞巴克,奶盖茶,门店,奶盖茶果茶里的水果不新鲜，有异味,2,负面,负面,不新鲜 异味,-3.5,负面,负面,口味问题
51,2026-06-24,蜜雪茶姬,厚乳拿铁,门店,蜜雪茶姬的厚乳拿铁杯子设计很好看，很有辨识度,5,正面,正面,很 很,0.0,中性,正面,
52,2026-06-25,爷爷喜欢茶,水果茶,外卖,水果茶的小料种类不多，选择有限,3,中性,中性,不,0.0,中性,中性,
53,2026-06-26,爷爷喜欢茶,水果茶,外卖,水果茶喝了不会惊艳，也不会讨厌,3,中性,中性,不 不,0.0,中性,中性,
54,2026-06-27,瑞巴克,厚乳拿铁,外卖,厚乳拿铁果味不够浓，像是加水了,3,中性,中性,不,0.0,中性,中性,
55,2026-06-28,瑞巴克,水果茶,门店,水果茶五分糖甜度正好，不会太甜也不会淡,5,正面,正面,不 太甜 不,2.0,正面,正面,
56,2026-06-01,蜜雪茶姬,奶盖茶,门店,蜜雪茶姬服务很贴心，备注少糖真的按要求做了,5,正面,正面,很 贴心,1.8,正面,正面,
57,2026-06-02,蜜雪茶姬,奶盖茶,门店,外卖包装用了保温袋，奶盖茶送到还是凉的,5,正面,正面,外卖包装用了保温袋 送到还是凉的,0.0,中性,正面,
58,2026-06-03,瑞巴克,奶盖茶,门店,奶盖茶的珍珠夹生，咬起来很硬,2,负面,负面,珍珠夹生 很,-2.0,负面,负面,产品问题
59,2026-06-04,蜜雪茶姬,厚乳拿铁,门店,蜜雪茶姬的厚乳拿铁用料很实在，珍珠软糯有嚼劲,5,正面,正面,很,0.0,中性,正面,
60,2026-06-05,爷爷喜欢茶,柠檬茶,门店,爷爷喜欢茶门店卫生一般，桌面上还有污渍,2,负面,负面,门店卫生一般 桌面上还有污渍,0.0,中性,中性,
61,2026-06-06,瑞巴克,奶盖茶,外卖,今天奶盖茶的分量一般，刚够喝,3,中性,中性,的分量一般 刚够喝,0.0,中性,中性,
62,2026-06-07,蜜雪茶姬,杨枝甘露,外卖,杨枝甘露口感一般，就是普通奶茶水平,3,中性,中性,口感一般 就是普通奶茶水平,0.0,中性,中性,
63,2026-06-08,蜜雪茶姬,奶盖茶,门店,今天点了蜜雪茶姬的招牌奶盖茶，确实好喝,5,正面,正面,好喝,2.0,正面,正面,
64,2026-06-09,爷爷喜欢茶,柠檬茶,门店,柠檬茶价格涨了，但品质没跟上,2,负面,负面,没,0.0,中性,负面,
65,2026-06-10,瑞巴克,奶盖茶,门店,服务员挺贴心问我饮料是否加冰，考虑这是早餐时间不要太凉，不加冰的挺好,5,正面,正面,贴心 不 太 不,1.5,正面,正面,
66,2026-06-11,爷爷喜欢茶,珍珠奶茶,门店,爷爷喜欢茶的珍珠奶茶杯子设计很好看，很有辨识度,5,正面,正面,很 很,0.0,中性,正面,
67,2026-06-12,瑞巴克,厚乳拿铁,门店,外卖厚乳拿铁送错了地址，重新送又等很久,2,负面,负面,送错 等很久,-4.0,负面,负面,出餐问题、配送问题
68,2026-06-13,爷爷喜欢茶,杨枝甘露,门店,爷爷喜欢茶的杨枝甘露配送很快，二十分钟就送到了,5,正面,正面,很,0.0,中性,正面,
69,2026-06-14,爷爷喜欢茶,水果茶,门店,爷爷喜欢茶的水果茶服务员态度恶劣，不想再去,2,负面,负面,不,0.0,中性,负面,
70,2026-06-15,瑞巴克,柠檬茶,门店,瑞巴克的柠檬茶经常搞活动，学生党很友好,5,正面,正面,很,0.0,中性,正面,
71,2026-06-16,爷爷喜欢茶,水果茶,门店,爷爷喜欢茶的水果茶优惠券不能用，体验很差,2,负面,负面,不 很,0.0,中性,负面,
72,2026-06-17,蜜雪茶姬,杨枝甘露,门店,中午排队等很久，杨枝甘露出餐慢,2,负面,负面,排队 等很久 出餐慢,-3.0,负面,负面,出餐问题
73,2026-06-18,蜜雪茶姬,厚乳拿铁,门店,厚乳拿铁五分糖甜度正好，不会太甜也不会淡,5,正面,正面,不 太甜 不,2.0,正面,正面,
74,2026-06-19,瑞巴克,厚乳拿铁,门店,瑞巴克的厚乳拿铁改了配方，变得很难喝,2,负面,负面,很 难喝,-2.4,负面,负面,口味问题
75,2026-06-20,瑞巴克,厚乳拿铁,外卖,厚乳拿铁果味不够浓，像是加水了,3,中性,中性,不,0.0,中性,中性,
76,2026-06-21,瑞巴克,柠檬茶,门店,瑞巴克的柠檬茶没有香精味，喝着很放心,5,正面,正面,没有 香 很,-1.5,负面,正面,
77,2026-06-22,爷爷喜欢茶,杨枝甘露,门店,杨枝甘露的茶味很浓，不是那种廉价的香精味,5,正面,正面,很 不是 香,-1.5,负面,正面,
78,2026-06-23,爷爷喜欢茶,珍珠奶茶,门店,珍珠奶茶加了一份珍珠，口感层次更丰富了,5,正面,正面,加了一份珍珠 口感层次更丰富了,0.0,中性,正面,
79,2026-06-24,瑞巴克,厚乳拿铁,外卖,外卖厚乳拿铁晚了十分钟，但还能接受,3,中性,中性,外卖 晚了十分钟 但还能接受,0.0,中性,中性,
80,2026-06-25,瑞巴克,水果茶,门店,水果茶奶盖和茶分层明显，颜值和口感都在线,5,正面,正面,奶盖和茶分层明显 颜值和口感都在线,0.0,中性,正面,
81,2026-06-26,爷爷喜欢茶,水果茶,门店,以后路过时，准备再去常常他家珍珠奶茶,5,正面,正面,珍珠奶茶,0.0,中性,负面,
82,2026-06-27,蜜雪茶姬,珍珠奶茶,门店,屋头有个喜欢苏杭一切视苏杭为第二故乡的妹，自然早耳闻“绿茶”大名,3,中性,中性,喜欢,2.0,正面,正面,
83,2026-06-28,爷爷喜欢茶,杨枝甘露,门店,杨枝甘露半糖刚刚好，茶香和奶香融合得很好,5,正面,正面,香 香 很,3.0,正面,正面,
84,2026-06-01,瑞巴克,厚乳拿铁,外卖,厚乳拿铁的小料种类不多，选择有限,3,中性,中性,不,0.0,中性,中性,
85,2026-06-02,爷爷喜欢茶,珍珠奶茶,门店,爷爷喜欢茶这次的珍珠奶茶挺划算，排队也不久,5,正面,正面,划算 排队 不,1.0,正面,正面,
86,2026-06-03,瑞巴克,水果茶,门店,瑞巴克服务很贴心，备注少糖真的按要求做了,5,正面,正面,很 贴心,1.8,正面,正面,
87,2026-06-04,蜜雪茶姬,杨枝甘露,门店,配送员找不到地方，杨枝甘露送了一个小时,2,负面,负面,不,0.0,中性,负面,
88,2026-06-05,蜜雪茶姬,厚乳拿铁,门店,厚乳拿铁的芝士奶盖咸香适中，茶底也很清新,5,正面,正面,香 很,1.5,正面,正面,
89,2026-06-06,爷爷喜欢茶,杨枝甘露,门店,爷爷喜欢茶的杨枝甘露用料很实在，珍珠软糯有嚼劲,5,正面,正面,很,0.0,中性,正面,
90,2026-06-07,爷爷喜欢茶,水果茶,门店,而选择在食用过程中挤一点柠檬汁则可以中和油腻感和厚重感，增加一丝清新,5,正面,正面,腻,-1.0,负面,正面,口味问题
91,2026-06-08,爷爷喜欢茶,珍珠奶茶,门店,爷爷喜欢茶这次的珍珠奶茶挺划算，排队也不久,5,正面,正面,划算 排队 不,1.0,正面,正面,
92,2026-06-09,瑞巴克,水果茶,门店,今天买的水果茶很清爽，店员服务好，出餐速度也快,5,正面,正面,很 清爽 服务好,4.4,正面,正面,
93,2026-06-10,蜜雪茶姬,厚乳拿铁,门店,厚乳拿铁的椰果很Q弹，搭配奶茶刚刚好,5,正面,正面,很,0.0,中性,正面,
94,2026-06-11,蜜雪茶姬,珍珠奶茶,外卖,今天的珍珠奶茶有点甜，但还能接受,3,中性,中性,有点,0.0,中性,中性,
95,2026-06-12,蜜雪茶姬,奶盖茶,门店,门店店员服务好，奶盖茶做得很快，口味稳定,5,正面,正面,服务好 很 稳定,3.8,正面,正面,
96,2026-06-13,蜜雪茶姬,杨枝甘露,外卖,杨枝甘露料不算多，不过味道还可以,3,中性,中性,不 不,0.0,中性,中性,
97,2026-06-14,爷爷喜欢茶,珍珠奶茶,门店,奶盖很细腻，珍珠奶茶整体搭配不错,5,正面,正面,很 细腻 不错,3.3,正面,正面,
98,2026-06-15,瑞巴克,奶盖茶,门店,店员推荐奶盖茶说招牌，结果很难喝,2,负面,负面,很 难喝,-2.4,负面,负面,口味问题
99,2026-06-16,爷爷喜欢茶,珍珠奶茶,门店,珍珠奶茶五分糖甜度正好，不会太甜也不会淡,5,正面,正面,不 太甜 不,2.0,正面,正面,
100,2026-06-17,蜜雪茶姬,珍珠奶茶,门店,这杯珍珠奶茶喝到最后有沉淀物，不敢喝了,2,负面,负面,不,0.0,中性,负面,
101,2026-06-18,爷爷喜欢茶,珍珠奶茶,门店,珍珠奶茶奶盖和茶分层明显，颜值和口感都在线,5,正面,正面,奶盖和茶分层明显 颜值和口感都在线,0.0,中性,正面,
102,2026-06-19,瑞巴克,柠檬茶,门店,柠檬茶的椰果很Q弹，搭配奶茶刚刚好,5,正面,正面,很,0.0,中性,正面,
103,2026-06-20,爷爷喜欢茶,珍珠奶茶,门店,这杯珍珠奶茶入口丝滑，没有颗粒感,5,正面,正面,没有,0.0,中性,正面,
104,2026-06-21,蜜雪茶姬,厚乳拿铁,门店,厚乳拿铁的芋圆煮得很软糯，比别家好吃,5,正面,正面,很,0.0,中性,正面,
105,2026-06-22,爷爷喜欢茶,柠檬茶,门店,柠檬茶的杯套都烂了，拿在手上很脏,2,负面,负面,很,0.0,中性,负面,
106,2026-06-23,瑞巴克,柠檬茶,门店,瑞巴克的柠檬茶配送很快，二十分钟就送到了,5,正面,正面,很,0.0,中性,正面,
107,2026-06-24,瑞巴克,柠檬茶,门店,今天试了瑞巴克的柠檬茶，口感顺滑不涩口,5,正面,正面,不,0.0,中性,正面,
108,2026-06-25,蜜雪茶姬,厚乳拿铁,门店,今天点了杯厚乳拿铁，小料给得很足，性价比超高,5,正面,正面,很,0.0,中性,正面,
109,2026-06-26,瑞巴克,水果茶,门店,三分糖刚好，水果茶不齁，喝完也不腻,5,正面,正面,不 不 腻,1.0,正面,正面,
110,2026-06-27,爷爷喜欢茶,杨枝甘露,门店,杨枝甘露的布丁很嫩滑，和奶茶搭配很和谐,5,正面,正面,很 很,0.0,中性,正面,
111,2026-06-28,蜜雪茶姬,杨枝甘露,门店,等杨枝甘露等了四十分钟，前面没几个人,2,负面,负面,没,0.0,中性,负面,
112,2026-06-01,爷爷喜欢茶,水果茶,门店,这杯水果茶太淡了，还有点苦，不好喝,2,负面,负面,太淡 有点 苦 不好喝,-3.8,负面,负面,口味问题
113,2026-06-02,爷爷喜欢茶,水果茶,门店,爷爷喜欢茶的水果茶优惠券不能用，体验很差,2,负面,负面,不 很,0.0,中性,负面,
114,2026-06-03,爷爷喜欢茶,杨枝甘露,门店,今天点了爷爷喜欢茶的招牌杨枝甘露，确实好喝,5,正面,正面,好喝,2.0,正面,正面,
115,2026-06-04,瑞巴克,厚乳拿铁,门店,等厚乳拿铁等了四十分钟，前面没几个人,2,负面,负面,没,0.0,中性,负面,
116,2026-06-05,爷爷喜欢茶,柠檬茶,门店,爷爷喜欢茶新品柠檬茶纯纯智商税，不好喝,2,负面,负面,不好喝,-2.0,负面,负面,口味问题
117,2026-06-06,爷爷喜欢茶,水果茶,外卖,爷爷喜欢茶的水果茶喝起来不腻，但也没记忆点,3,中性,中性,不 腻 没,1.0,正面,中性,
118,2026-06-07,爷爷喜欢茶,水果茶,门店,爷爷喜欢茶客服态度冷淡，投诉也没用,2,负面,负面,没,0.0,中性,负面,
119,2026-06-08,瑞巴克,奶盖茶,门店,\\n食品的话，饮料很好，西瓜汁没有加东西，喝起来是水果的味道,5,正面,正面,很 没有,0.0,中性,正面,
120,2026-06-09,蜜雪茶姬,奶盖茶,门店,奶盖茶的芋圆煮得很软糯，比别家好吃,5,正面,正面,很,0.0,中性,正面,
121,2026-06-10,爷爷喜欢茶,水果茶,门店,而且一定是要微糖，常温，这样才是最好的味道,5,正面,正面,而且一定是要微糖 常温 这样才是最好的味道,0.0,中性,正面,
122,2026-06-11,瑞巴克,柠檬茶,门店,瑞巴克服务很贴心，备注少糖真的按要求做了,5,正面,正面,很 贴心,1.8,正面,正面,
123,2026-06-12,瑞巴克,水果茶,门店,瑞巴克离公司很近，午休来一杯水果茶很方便,5,正面,正面,很 很 方便,1.2,正面,正面,
124,2026-06-13,瑞巴克,柠檬茶,门店,这杯柠檬茶奶香浓郁，喝完嘴里还有回甘,5,正面,正面,香,1.5,正面,正面,
125,2026-06-14,爷爷喜欢茶,水果茶,门店,外卖水果茶送到时冰块全化了，温温的,2,负面,负面,外卖 送到时冰块全化了 温温的,0.0,中性,负面,
126,2026-06-15,瑞巴克,奶盖茶,门店,点的奶盖茶送错了，处理也不及时,2,负面,负面,送错 不及时,-2.0,负面,负面,配送问题
127,2026-06-16,瑞巴克,水果茶,门店,今天买的水果茶很解渴，夏天喝特别爽,5,正面,正面,很 特别,0.0,中性,正面,
128,2026-06-17,蜜雪茶姬,珍珠奶茶,门店,珍珠奶茶点了去冰还是给了很多冰,2,负面,负面,很,0.0,中性,负面,
129,2026-06-18,蜜雪茶姬,珍珠奶茶,门店,蜜雪茶姬的珍珠奶茶优惠券不能用，体验很差,2,负面,负面,不 很,0.0,中性,负面,
130,2026-06-19,爷爷喜欢茶,珍珠奶茶,门店,今天点了爷爷喜欢茶的招牌珍珠奶茶，确实好喝,5,正面,正面,好喝,2.0,正面,正面,
131,2026-06-20,蜜雪茶姬,珍珠奶茶,外卖,外卖珍珠奶茶晚了十分钟，但还能接受,3,中性,中性,外卖 晚了十分钟 但还能接受,0.0,中性,中性,
132,2026-06-21,爷爷喜欢茶,水果茶,门店,林家咖啡，一个让人惊喜意外的地方，打开点评网，竟只有二十几封点评，且没有一个三星会员，顿感意外，看来点评在巩义的发展要努力啊……\\n位置在,5,正面,正面,没有,0.0,中性,正面,
133,2026-06-22,蜜雪茶姬,珍珠奶茶,门店,\\n饮料：忘记叫什么神马名字了，味道挺好喝的，喝完一罐还打包了一罐回去,5,正面,正面,好喝,2.0,正面,正面,
134,2026-06-23,爷爷喜欢茶,水果茶,外卖,爷爷喜欢茶门店环境一般，水果茶也就那样,3,中性,中性,门店环境一般 也就那样,0.0,中性,中性,
135,2026-06-24,蜜雪茶姬,杨枝甘露,外卖,今天的杨枝甘露有点甜，但还能接受,3,中性,中性,有点,0.0,中性,中性,
136,2026-06-25,蜜雪茶姬,杨枝甘露,外卖,蜜雪茶姬的杨枝甘露用了券价格还行，原价不值,3,中性,中性,不,0.0,中性,中性,
137,2026-06-26,瑞巴克,奶盖茶,外卖,今天奶盖茶等了一会，不过味道还可以,3,中性,中性,不,0.0,中性,中性,
138,2026-06-27,爷爷喜欢茶,柠檬茶,门店,爷爷喜欢茶的柠檬茶料越来越少，不会再买了,2,负面,负面,不,0.0,中性,负面,
139,2026-06-28,爷爷喜欢茶,杨枝甘露,门店,杨枝甘露的芝士奶盖咸香适中，茶底也很清新,5,正面,正面,香 很,1.5,正面,正面,
140,2026-06-01,蜜雪茶姬,珍珠奶茶,门店,配送慢，送到时珍珠奶茶已经不新鲜,2,负面,负面,配送慢 不新鲜,-2.0,负面,负面,配送问题
141,2026-06-02,瑞巴克,柠檬茶,门店,这杯柠檬茶奶香浓郁，喝完嘴里还有回甘,5,正面,正面,香,1.5,正面,正面,
142,2026-06-03,爷爷喜欢茶,水果茶,门店,爷爷喜欢茶的水果茶优惠券不能用，体验很差,2,负面,负面,不 很,0.0,中性,负面,
143,2026-06-04,爷爷喜欢茶,水果茶,门店,这杯水果茶喝着有股怪味，像是变质了,2,负面,负面,这杯 喝着有股怪味 像是变质了,0.0,中性,负面,
144,2026-06-05,瑞巴克,厚乳拿铁,门店,配送慢，送到时厚乳拿铁已经不新鲜,2,负面,负面,配送慢 不新鲜,-2.0,负面,负面,配送问题
145,2026-06-06,蜜雪茶姬,珍珠奶茶,门店,外卖包装漏了，杯盖不紧，袋子湿了,2,负面,负面,包装漏 杯盖不紧,-2.0,负面,负面,包装问题
146,2026-06-07,瑞巴克,奶盖茶,外卖,奶盖茶果味不够浓，像是加水了,3,中性,中性,不,0.0,中性,中性,
147,2026-06-08,瑞巴克,厚乳拿铁,外卖,瑞巴克的厚乳拿铁包装换了，感觉不如以前,3,中性,中性,不,0.0,中性,中性,
148,2026-06-09,瑞巴克,水果茶,门店,店员推荐的新品水果茶没有踩雷，挺好喝的,5,正面,正面,没有 好喝,-2.0,负面,正面,
149,2026-06-10,蜜雪茶姬,珍珠奶茶,外卖,今天珍珠奶茶等了一会，不过味道还可以,3,中性,中性,不,0.0,中性,中性,
150,2026-06-11,蜜雪茶姬,厚乳拿铁,门店,厚乳拿铁奶盖和茶分层明显，颜值和口感都在线,5,正面,正面,奶盖和茶分层明显 颜值和口感都在线,0.0,中性,正面,
151,2026-06-12,蜜雪茶姬,杨枝甘露,外卖,这次杨枝甘露包装没问题，口味中规中矩,3,中性,中性,没,0.0,中性,中性,
152,2026-06-13,爷爷喜欢茶,珍珠奶茶,门店,爷爷喜欢茶离公司很近，午休来一杯珍珠奶茶很方便,5,正面,正面,很 很 方便,1.2,正面,正面,
153,2026-06-14,蜜雪茶姬,奶盖茶,门店,蜜雪茶姬的奶盖茶经常搞活动，学生党很友好,5,正面,正面,很,0.0,中性,正面,
154,2026-06-15,爷爷喜欢茶,水果茶,门店,配送水果茶超时半小时，商家也不赔偿,2,负面,负面,超时 不,-1.5,负面,负面,出餐问题、配送问题
155,2026-06-16,蜜雪茶姬,杨枝甘露,外卖,今天喝的杨枝甘露茶味有点淡，凑合能喝,3,中性,中性,有点,0.0,中性,中性,
156,2026-06-17,瑞巴克,厚乳拿铁,外卖,厚乳拿铁少糖还是有点甜，不过能忍,3,中性,中性,有点 不,0.0,中性,中性,
157,2026-06-18,爷爷喜欢茶,柠檬茶,门店,这杯柠檬茶喝到最后有沉淀物，不敢喝了,2,负面,负面,不,0.0,中性,负面,
158,2026-06-19,爷爷喜欢茶,水果茶,门店,\\n\\n红豆沙冰：分量足，足，足,5,正面,正面,\\n\\n红豆沙冰 分量足 足 足,0.0,中性,正面,
159,2026-06-20,爷爷喜欢茶,杨枝甘露,门店,今天用了优惠券，杨枝甘露到手才几块钱，太值了,5,正面,正面,太,0.0,中性,正面,
160,2026-06-21,爷爷喜欢茶,水果茶,门店,到了杭州总也要人来疯一下，不吃个绿茶外婆家怎么行,3,中性,中性,不,0.0,中性,正面,
161,2026-06-22,蜜雪茶姬,杨枝甘露,门店,外卖杨枝甘露的包装袋破了，杯身全是灰,2,负面,负面,破了,-1.5,负面,负面,包装问题
162,2026-06-23,蜜雪茶姬,杨枝甘露,外卖,杨枝甘露的小料种类不多，选择有限,3,中性,中性,不,0.0,中性,中性,
163,2026-06-24,蜜雪茶姬,奶盖茶,门店,蜜雪茶姬服务很贴心，备注少糖真的按要求做了,5,正面,正面,很 贴心,1.8,正面,正面,
164,2026-06-25,瑞巴克,水果茶,门店,外卖包装用了保温袋，水果茶送到还是凉的,5,正面,正面,外卖包装用了保温袋 送到还是凉的,0.0,中性,正面,
165,2026-06-26,蜜雪茶姬,杨枝甘露,门店,杨枝甘露标注大杯，实际容量偏小,2,负面,负面,标注大杯 实际容量偏小,0.0,中性,负面,
166,2026-06-27,瑞巴克,水果茶,门店,奶盖很细腻，水果茶整体搭配不错,5,正面,正面,很 细腻 不错,3.3,正面,正面,
167,2026-06-28,蜜雪茶姬,杨枝甘露,门店,杨枝甘露珍珠硬，冰太多，料少,2,负面,负面,珍珠硬 冰太多 料少,-4.0,负面,负面,产品问题
168,2026-06-01,瑞巴克,柠檬茶,门店,奶盖很细腻，柠檬茶整体搭配不错,5,正面,正面,很 细腻 不错,3.3,正面,正面,
169,2026-06-02,蜜雪茶姬,珍珠奶茶,门店,蜜雪茶姬的珍珠奶茶广告图和实物差距太大,2,负面,负面,太,0.0,中性,负面,
170,2026-06-03,爷爷喜欢茶,柠檬茶,外卖,今天柠檬茶等了一会，不过味道还可以,3,中性,中性,不,0.0,中性,中性,
171,2026-06-04,爷爷喜欢茶,水果茶,门店,水果茶的杯套都烂了，拿在手上很脏,2,负面,负面,很,0.0,中性,负面,
172,2026-06-05,蜜雪茶姬,杨枝甘露,门店,杨枝甘露杯子漏底，还没喝就洒了,2,负面,负面,漏 没 洒了,0.0,中性,负面,包装问题
173,2026-06-06,爷爷喜欢茶,水果茶,门店,爷爷喜欢茶门店空调坏了，喝水果茶出一身汗,2,负面,负面,门店空调坏了 喝 出一身汗,0.0,中性,负面,
174,2026-06-07,爷爷喜欢茶,水果茶,门店,\\n2.红豆沙牛奶（￥12）：就好像豆沙汁，没啥特别,5,正面,正面,没 特别,0.0,中性,正面,
175,2026-06-08,爷爷喜欢茶,水果茶,外卖,爷爷喜欢茶的水果茶新品试了一下，无功无过,3,中性,中性,新品试了一下 无功无过,0.0,中性,中性,
176,2026-06-09,爷爷喜欢茶,柠檬茶,外卖,爷爷喜欢茶的柠檬茶甜度正常，价格也一般,3,中性,中性,甜度正常 价格也一般,0.0,中性,中性,
177,2026-06-10,蜜雪茶姬,厚乳拿铁,门店,这杯厚乳拿铁入口丝滑，没有颗粒感,5,正面,正面,没有,0.0,中性,正面,
178,2026-06-11,蜜雪茶姬,杨枝甘露,门店,这杯杨枝甘露底部有未溶解的粉末，很恶心,2,负面,负面,很,0.0,中性,负面,
179,2026-06-12,蜜雪茶姬,奶盖茶,门店,奶盖茶的奶油顶很绵密，配茶底不腻,5,正面,正面,很 不 腻,1.0,正面,正面,
180,2026-06-13,蜜雪茶姬,珍珠奶茶,外卖,蜜雪茶姬的珍珠奶茶包装换了，感觉不如以前,3,中性,中性,不,0.0,中性,中性,
181,2026-06-14,蜜雪茶姬,珍珠奶茶,外卖,蜜雪茶姬的珍珠奶茶包装换了，感觉不如以前,3,中性,中性,不,0.0,中性,中性,
182,2026-06-15,瑞巴克,柠檬茶,门店,外卖送来的柠檬茶包装好，冰量合适，味道喜欢,5,正面,正面,包装好 喜欢,3.5,正面,正面,
183,2026-06-16,爷爷喜欢茶,水果茶,门店,配送员找不到地方，水果茶送了一个小时,2,负面,负面,不,0.0,中性,负面,
184,2026-06-17,蜜雪茶姬,奶盖茶,门店,蜜雪茶姬家的奶盖茶一如既往的稳定，喝了三年没变,5,正面,正面,稳定 没,1.5,正面,正面,
185,2026-06-18,蜜雪茶姬,杨枝甘露,门店,杨枝甘露的小料硬邦邦的，像是隔夜泡的,2,负面,负面,硬邦邦,-1.5,负面,负面,产品问题
186,2026-06-19,蜜雪茶姬,厚乳拿铁,门店,蜜雪茶姬的厚乳拿铁分量足，一杯能喝一下午,5,正面,正面,分量足 一杯能喝一下午,0.0,中性,正面,
187,2026-06-20,瑞巴克,水果茶,门店,瑞巴克的水果茶性价比在同类里算很高的,5,正面,正面,很,0.0,中性,正面,
188,2026-06-21,爷爷喜欢茶,珍珠奶茶,门店,今天试了爷爷喜欢茶的珍珠奶茶，口感顺滑不涩口,5,正面,正面,不,0.0,中性,正面,
189,2026-06-22,爷爷喜欢茶,杨枝甘露,门店,爷爷喜欢茶门店出餐很快，排队五分钟就拿到了,5,正面,正面,很 排队,-1.2,负面,正面,出餐问题
190,2026-06-23,蜜雪茶姬,厚乳拿铁,门店,今天点了蜜雪茶姬的招牌厚乳拿铁，确实好喝,5,正面,正面,好喝,2.0,正面,正面,
191,2026-06-24,瑞巴克,厚乳拿铁,门店,这杯厚乳拿铁冰化了之后淡得像水,2,负面,负面,这杯 冰化了之后淡得像水,0.0,中性,负面,
192,2026-06-25,瑞巴克,柠檬茶,门店,今天买的柠檬茶很清爽，店员服务好，出餐速度也快,5,正面,正面,很 清爽 服务好,4.4,正面,正面,
193,2026-06-26,瑞巴克,厚乳拿铁,外卖,这次厚乳拿铁的冰有点多，不过味道还行,3,中性,中性,有点 不,0.0,中性,中性,
194,2026-06-27,瑞巴克,厚乳拿铁,门店,外卖厚乳拿铁送错了地址，重新送又等很久,2,负面,负面,送错 等很久,-4.0,负面,负面,出餐问题、配送问题
195,2026-06-28,瑞巴克,厚乳拿铁,外卖,外卖厚乳拿铁送到时还行，没有明显问题,3,中性,中性,没有,0.0,中性,中性,
196,2026-06-01,瑞巴克,厚乳拿铁,门店,厚乳拿铁的珍珠夹生，咬起来很硬,2,负面,负面,珍珠夹生 很,-2.0,负面,负面,产品问题
197,2026-06-02,蜜雪茶姬,杨枝甘露,外卖,杨枝甘露少糖还是有点甜，不过能忍,3,中性,中性,有点 不,0.0,中性,中性,
198,2026-06-03,爷爷喜欢茶,水果茶,门店,外卖水果茶没给吸管，联系商家也不回,2,负面,负面,没 不,0.0,中性,负面,
199,2026-06-04,蜜雪茶姬,杨枝甘露,门店,蜜雪茶姬客服态度冷淡，投诉也没用,2,负面,负面,没,0.0,中性,负面,
200,2026-06-05,爷爷喜欢茶,柠檬茶,门店,这杯柠檬茶喝到最后有沉淀物，不敢喝了,2,负面,负面,不,0.0,中性,负面,
201,2026-06-06,瑞巴克,奶盖茶,外卖,奶盖茶喝完没有回味，普通饮品,3,中性,中性,没有,0.0,中性,中性,
202,2026-06-07,蜜雪茶姬,珍珠奶茶,门店,蜜雪茶姬的珍珠奶茶广告图和实物差距太大,2,负面,负面,太,0.0,中性,负面,
203,2026-06-08,瑞巴克,奶盖茶,外卖,瑞巴克的奶盖茶甜度正常，价格也一般,3,中性,中性,甜度正常 价格也一般,0.0,中性,中性,
204,2026-06-09,蜜雪茶姬,珍珠奶茶,门店,珍珠奶茶的杯套都烂了，拿在手上很脏,2,负面,负面,很,0.0,中性,负面,
205,2026-06-10,爷爷喜欢茶,杨枝甘露,门店,这杯杨枝甘露茶味很香，喝起来新鲜，整体满意,5,正面,正面,很 香 新鲜 满意,4.8,正面,正面,
206,2026-06-11,蜜雪茶姬,杨枝甘露,门店,杨枝甘露喝完嘴里发酸，品质有问题,2,负面,负面,喝完嘴里发酸 品质有问题,0.0,中性,负面,
207,2026-06-12,瑞巴克,奶盖茶,门店,奶盖茶的杯套都烂了，拿在手上很脏,2,负面,负面,很,0.0,中性,负面,
208,2026-06-13,瑞巴克,奶盖茶,门店,\\n\\n送的咖啡还行吧，服务也还可以，性价比还是蛮高的，买的团购套餐哈,5,正面,正面,\\n\\n送的咖啡还行吧 服务也还可以 性价比还是蛮高的 买的团购套餐哈,0.0,中性,正面,
209,2026-06-14,蜜雪茶姬,杨枝甘露,门店,这杯杨枝甘露底部有未溶解的粉末，很恶心,2,负面,负面,很,0.0,中性,负面,
210,2026-06-15,瑞巴克,水果茶,门店,外卖送到时水果茶还是冰的，杯盖也没漏,5,正面,正面,没 漏,2.0,正面,正面,
211,2026-06-16,爷爷喜欢茶,柠檬茶,门店,这杯柠檬茶太淡了，还有点苦，不好喝,2,负面,负面,太淡 有点 苦 不好喝,-3.8,负面,负面,口味问题
212,2026-06-17,瑞巴克,奶盖茶,门店,瑞巴克的奶盖茶广告图和实物差距太大,2,负面,负面,太,0.0,中性,负面,
213,2026-06-18,瑞巴克,厚乳拿铁,门店,外卖厚乳拿铁没给吸管，联系商家也不回,2,负面,负面,没 不,0.0,中性,负面,
214,2026-06-19,蜜雪茶姬,奶盖茶,门店,蜜雪茶姬的奶盖茶分量足，一杯能喝一下午,5,正面,正面,分量足 一杯能喝一下午,0.0,中性,正面,
215,2026-06-20,蜜雪茶姬,厚乳拿铁,门店,今天用了优惠券，厚乳拿铁到手才几块钱，太值了,5,正面,正面,太,0.0,中性,正面,
216,2026-06-21,瑞巴克,奶盖茶,外卖,今天奶盖茶等了一会，不过味道还可以,3,中性,中性,不,0.0,中性,中性,
217,2026-06-22,蜜雪茶姬,杨枝甘露,外卖,蜜雪茶姬的杨枝甘露甜度正常，价格也一般,3,中性,中性,甜度正常 价格也一般,0.0,中性,中性,
218,2026-06-23,爷爷喜欢茶,柠檬茶,外卖,外卖柠檬茶晚了十分钟，但还能接受,3,中性,中性,外卖 晚了十分钟 但还能接受,0.0,中性,中性,
219,2026-06-24,爷爷喜欢茶,柠檬茶,门店,柠檬茶的奶盖有腥味，完全喝不下去,2,负面,负面,腥味 不,-2.0,负面,负面,口味问题
220,2026-06-25,蜜雪茶姬,珍珠奶茶,门店,这家星巴克是这附近唯一一家咖啡馆了,5,正面,正面,这家星巴克是这附近唯一一家咖啡馆了,0.0,中性,正面,
221,2026-06-26,瑞巴克,奶盖茶,门店,奶盖茶杯子漏底，还没喝就洒了,2,负面,负面,漏 没 洒了,0.0,中性,负面,包装问题
222,2026-06-27,蜜雪茶姬,珍珠奶茶,门店,蜜雪茶姬的珍珠奶茶改了配方，变得很难喝,2,负面,负面,很 难喝,-2.4,负面,负面,口味问题
223,2026-06-28,蜜雪茶姬,厚乳拿铁,门店,奶盖很细腻，厚乳拿铁整体搭配不错,5,正面,正面,很 细腻 不错,3.3,正面,正面,
224,2026-06-01,瑞巴克,柠檬茶,门店,柠檬茶五分糖甜度正好，不会太甜也不会淡,5,正面,正面,不 太甜 不,2.0,正面,正面,
225,2026-06-02,蜜雪茶姬,奶盖茶,门店,奶盖茶的芝士奶盖咸香适中，茶底也很清新,5,正面,正面,香 很,1.5,正面,正面,
226,2026-06-03,蜜雪茶姬,珍珠奶茶,门店,三分糖还是偏甜，喝到最后有点齁,2,负面,负面,有点,0.0,中性,负面,
227,2026-06-04,瑞巴克,奶盖茶,门店,奶茶用了很简单的陶瓷杯承装，份量还是感觉可以的,5,正面,正面,很,0.0,中性,正面,
228,2026-06-05,蜜雪茶姬,奶盖茶,门店,奶盖茶清爽不腻，珍珠口感好，下次还会买,5,正面,正面,清爽 不 腻 口感好,1.0,正面,正面,
229,2026-06-06,蜜雪茶姬,厚乳拿铁,门店,蜜雪茶姬的厚乳拿铁分量足，一杯能喝一下午,5,正面,正面,分量足 一杯能喝一下午,0.0,中性,正面,
230,2026-06-07,爷爷喜欢茶,水果茶,外卖,今天喝的水果茶茶味有点淡，凑合能喝,3,中性,中性,有点,0.0,中性,中性,
231,2026-06-08,蜜雪茶姬,珍珠奶茶,门店,珍珠奶茶的小料硬邦邦的，像是隔夜泡的,2,负面,负面,硬邦邦,-1.5,负面,负面,产品问题
232,2026-06-09,瑞巴克,厚乳拿铁,外卖,厚乳拿铁料不算多，不过味道还可以,3,中性,中性,不 不,0.0,中性,中性,
233,2026-06-10,蜜雪茶姬,杨枝甘露,门店,奶盖太腻，杯盖也没压紧,2,负面,负面,太 腻 没,-1.2,负面,负面,口味问题
234,2026-06-11,爷爷喜欢茶,水果茶,门店,爷爷喜欢茶最近涨价明显，性价比低,2,负面,负面,涨价 性价比低,-1.5,负面,负面,价格问题
235,2026-06-12,爷爷喜欢茶,柠檬茶,外卖,爷爷喜欢茶的柠檬茶新品试了一下，无功无过,3,中性,中性,新品试了一下 无功无过,0.0,中性,中性,
236,2026-06-13,瑞巴克,水果茶,门店,水果茶的芝士奶盖咸香适中，茶底也很清新,5,正面,正面,香 很,1.5,正面,正面,
237,2026-06-14,瑞巴克,奶盖茶,门店,奶盖茶标注大杯，实际容量偏小,2,负面,负面,标注大杯 实际容量偏小,0.0,中性,负面,
238,2026-06-15,蜜雪茶姬,奶盖茶,门店,店员态度很好，奶盖茶做错了马上重做了一杯,5,正面,正面,很,0.0,中性,正面,
239,2026-06-16,瑞巴克,水果茶,门店,瑞巴克门店环境干净，等餐时还有座位可以坐,5,正面,正面,干净,1.5,正面,正面,
240,2026-06-17,爷爷喜欢茶,杨枝甘露,门店,奶盖很细腻，杨枝甘露整体搭配不错,5,正面,正面,很 细腻 不错,3.3,正面,正面,
241,2026-06-18,爷爷喜欢茶,柠檬茶,外卖,爷爷喜欢茶的服务还行，柠檬茶也没什么问题,3,中性,中性,没,0.0,中性,中性,
242,2026-06-19,爷爷喜欢茶,柠檬茶,门店,外卖柠檬茶的包装袋破了，杯身全是灰,2,负面,负面,破了,-1.5,负面,负面,包装问题
243,2026-06-20,瑞巴克,柠檬茶,门店,瑞巴克的柠檬茶好喝，甜度合适，价格也实惠,5,正面,正面,好喝 甜度合适 实惠,6.0,正面,正面,
244,2026-06-21,瑞巴克,柠檬茶,门店,瑞巴克的柠檬茶杯子设计很好看，很有辨识度,5,正面,正面,很 很,0.0,中性,正面,
245,2026-06-22,爷爷喜欢茶,杨枝甘露,门店,爷爷喜欢茶的杨枝甘露用料很实在，珍珠软糯有嚼劲,5,正面,正面,很,0.0,中性,正面,
246,2026-06-23,蜜雪茶姬,杨枝甘露,外卖,这杯杨枝甘露茶香不够突出，比较平庸,3,中性,中性,香 不,1.5,正面,中性,
247,2026-06-24,爷爷喜欢茶,杨枝甘露,门店,这杯杨枝甘露冷热都好喝，冬天夏天都适合,5,正面,正面,好喝,2.0,正面,正面,
248,2026-06-25,蜜雪茶姬,奶盖茶,门店,这杯奶盖茶茶味很香，喝起来新鲜，整体满意,5,正面,正面,很 香 新鲜 满意,4.8,正面,正面,
249,2026-06-26,蜜雪茶姬,杨枝甘露,门店,杨枝甘露标注大杯，实际容量偏小,2,负面,负面,标注大杯 实际容量偏小,0.0,中性,负面,
250,2026-06-27,蜜雪茶姬,珍珠奶茶,门店,配送员找不到地方，珍珠奶茶送了一个小时,2,负面,负面,不,0.0,中性,负面,
251,2026-06-28,爷爷喜欢茶,水果茶,门店,爷爷喜欢茶的水果茶服务员态度恶劣，不想再去,2,负面,负面,不,0.0,中性,负面,
252,2026-06-01,瑞巴克,奶盖茶,外卖,价格有点贵，不过用券后还能接受,3,中性,中性,有点 贵 不,-1.6,负面,中性,价格问题
253,2026-06-02,瑞巴克,奶盖茶,外卖,外卖奶盖茶的封口贴有点歪，但没漏,3,中性,中性,有点 没 漏,2.0,正面,中性,
254,2026-06-03,蜜雪茶姬,珍珠奶茶,门店,珍珠奶茶太甜了，喝到后面有点腻,2,负面,负面,太甜 有点 腻,-2.8,负面,负面,口味问题
255,2026-06-04,瑞巴克,水果茶,门店,水果茶的奶油顶很绵密，配茶底不腻,5,正面,正面,很 不 腻,1.0,正面,正面,
256,2026-06-05,爷爷喜欢茶,杨枝甘露,门店,杨枝甘露的茶味很浓，不是那种廉价的香精味,5,正面,正面,很 不是 香,-1.5,负面,正面,
257,2026-06-06,瑞巴克,柠檬茶,门店,柠檬茶口感好，料足，包装好，没有洒,5,正面,正面,口感好 料足 包装好 没有,5.5,正面,正面,
258,2026-06-07,爷爷喜欢茶,柠檬茶,外卖,不算难喝，但也没有想象中好喝,3,中性,中性,不 难喝 没有 好喝,0.0,中性,中性,口味问题
259,2026-06-08,瑞巴克,厚乳拿铁,外卖,外卖厚乳拿铁的封口贴有点歪，但没漏,3,中性,中性,有点 没 漏,2.0,正面,中性,
260,2026-06-09,瑞巴克,厚乳拿铁,门店,厚乳拿铁的甜度选项形同虚设，全糖太甜无糖没味,2,负面,负面,太甜 没,-2.0,负面,负面,口味问题
261,2026-06-10,蜜雪茶姬,珍珠奶茶,外卖,珍珠奶茶喝着还行，出餐速度一般,3,中性,中性,喝着还行 出餐速度一般,0.0,中性,中性,
262,2026-06-11,蜜雪茶姬,杨枝甘露,外卖,蜜雪茶姬服务没有特别好，但也没差到哪里去,3,中性,中性,没有 特别 没,0.0,中性,中性,
263,2026-06-12,蜜雪茶姬,奶盖茶,门店,蜜雪茶姬的奶盖茶用料很实在，珍珠软糯有嚼劲,5,正面,正面,很,0.0,中性,正面,
264,2026-06-13,爷爷喜欢茶,珍珠奶茶,门店,珍珠奶茶的芝士奶盖咸香适中，茶底也很清新,5,正面,正面,香 很,1.5,正面,正面,
265,2026-06-14,蜜雪茶姬,珍珠奶茶,门店,其实我一直以为这间是咖啡厅喝和酒吧，因为名字和装修的缘故,5,正面,正面,其实我一直以为这间是咖啡厅喝和酒吧 因为名字和装修的缘故,0.0,中性,正面,
266,2026-06-15,蜜雪茶姬,奶盖茶,门店,蜜雪茶姬的奶盖茶好喝，甜度合适，价格也实惠,5,正面,正面,好喝 甜度合适 实惠,6.0,正面,正面,
267,2026-06-16,爷爷喜欢茶,杨枝甘露,门店,爷爷喜欢茶家的杨枝甘露一如既往的稳定，喝了三年没变,5,正面,正面,稳定 没,1.5,正面,正面,
268,2026-06-17,爷爷喜欢茶,水果茶,门店,这杯水果茶冰化了之后淡得像水,2,负面,负面,这杯 冰化了之后淡得像水,0.0,中性,负面,
269,2026-06-18,爷爷喜欢茶,珍珠奶茶,门店,珍珠奶茶的芋圆煮得很软糯，比别家好吃,5,正面,正面,很,0.0,中性,正面,
270,2026-06-19,瑞巴克,奶盖茶,门店,草莓那个饮料不错，但是有点小贵,5,正面,正面,不错 有点 贵,-0.1,中性,正面,价格问题
271,2026-06-20,爷爷喜欢茶,柠檬茶,外卖,柠檬茶喝完没有回味，普通饮品,3,中性,中性,没有,0.0,中性,中性,
272,2026-06-21,瑞巴克,水果茶,门店,水果茶的果味很自然，不是糖浆兑出来的,5,正面,正面,很 不是,0.0,中性,正面,
273,2026-06-22,蜜雪茶姬,奶盖茶,门店,这杯奶盖茶冷热都好喝，冬天夏天都适合,5,正面,正面,好喝,2.0,正面,正面,
274,2026-06-23,蜜雪茶姬,奶盖茶,门店,奶盖茶口感好，料足，包装好，没有洒,5,正面,正面,口感好 料足 包装好 没有,5.5,正面,正面,
275,2026-06-24,爷爷喜欢茶,水果茶,外卖,今天喝的水果茶茶味有点淡，凑合能喝,3,中性,中性,有点,0.0,中性,中性,
276,2026-06-25,蜜雪茶姬,珍珠奶茶,外卖,珍珠奶茶包装普通，味道也普通,3,中性,中性,包装普通 味道也普通,0.0,中性,中性,
277,2026-06-26,瑞巴克,柠檬茶,门店,瑞巴克的柠檬茶性价比在同类里算很高的,5,正面,正面,很,0.0,中性,正面,
278,2026-06-27,瑞巴克,柠檬茶,门店,瑞巴克离公司很近，午休来一杯柠檬茶很方便,5,正面,正面,很 很 方便,1.2,正面,正面,
279,2026-06-28,蜜雪茶姬,厚乳拿铁,门店,这杯厚乳拿铁入口丝滑，没有颗粒感,5,正面,正面,没有,0.0,中性,正面,
280,2026-06-01,瑞巴克,柠檬茶,门店,瑞巴克的柠檬茶好喝，甜度合适，价格也实惠,5,正面,正面,好喝 甜度合适 实惠,6.0,正面,正面,
281,2026-06-02,瑞巴克,厚乳拿铁,外卖,厚乳拿铁喝了不会惊艳，也不会讨厌,3,中性,中性,不 不,0.0,中性,中性,
282,2026-06-03,瑞巴克,奶盖茶,门店,这杯奶盖茶茶味和奶味完全分离，很难喝,2,负面,负面,很 难喝,-2.4,负面,负面,口味问题
283,2026-06-04,蜜雪茶姬,杨枝甘露,外卖,今天的杨枝甘露有点甜，但还能接受,3,中性,中性,有点,0.0,中性,中性,
284,2026-06-05,爷爷喜欢茶,水果茶,外卖,爷爷喜欢茶排队五分钟，水果茶口感也就那样,3,中性,中性,排队,-1.0,负面,中性,出餐问题
285,2026-06-06,蜜雪茶姬,杨枝甘露,门店,这杯杨枝甘露喝着有股怪味，像是变质了,2,负面,负面,这杯 喝着有股怪味 像是变质了,0.0,中性,负面,
286,2026-06-07,蜜雪茶姬,厚乳拿铁,门店,店员推荐的新品厚乳拿铁没有踩雷，挺好喝的,5,正面,正面,没有 好喝,-2.0,负面,正面,
287,2026-06-08,瑞巴克,奶盖茶,外卖,奶盖茶包装普通，味道也普通,3,中性,中性,包装普通 味道也普通,0.0,中性,中性,
288,2026-06-09,瑞巴克,厚乳拿铁,门店,厚乳拿铁的椰果发酸，明显不新鲜,2,负面,负面,不新鲜,-2.0,负面,负面,
289,2026-06-10,瑞巴克,奶盖茶,门店,奶盖茶太甜了，喝到后面有点腻,2,负面,负面,太甜 有点 腻,-2.8,负面,负面,口味问题
290,2026-06-11,瑞巴克,柠檬茶,门店,柠檬茶五分糖甜度正好，不会太甜也不会淡,5,正面,正面,不 太甜 不,2.0,正面,正面,
291,2026-06-12,蜜雪茶姬,珍珠奶茶,门店,蜜雪茶姬的珍珠奶茶改了配方，变得很难喝,2,负面,负面,很 难喝,-2.4,负面,负面,口味问题
292,2026-06-13,瑞巴克,厚乳拿铁,外卖,今天的厚乳拿铁有点甜，但还能接受,3,中性,中性,有点,0.0,中性,中性,
293,2026-06-14,瑞巴克,厚乳拿铁,门店,瑞巴克的厚乳拿铁喝了之后肚子不舒服,2,负面,负面,不,0.0,中性,负面,
294,2026-06-15,蜜雪茶姬,杨枝甘露,门店,这杯杨枝甘露底部有未溶解的粉末，很恶心,2,负面,负面,很,0.0,中性,负面,
295,2026-06-16,爷爷喜欢茶,珍珠奶茶,门店,爷爷喜欢茶的珍珠奶茶经常搞活动，学生党很友好,5,正面,正面,很,0.0,中性,正面,
296,2026-06-17,瑞巴克,柠檬茶,门店,柠檬茶的茶味很浓，不是那种廉价的香精味,5,正面,正面,很 不是 香,-1.5,负面,正面,
297,2026-06-18,瑞巴克,奶盖茶,外卖,瑞巴克的服务还行，奶盖茶也没什么问题,3,中性,中性,没,0.0,中性,中性,
298,2026-06-19,爷爷喜欢茶,柠檬茶,门店,这杯柠檬茶喝着有股怪味，像是变质了,2,负面,负面,这杯 喝着有股怪味 像是变质了,0.0,中性,负面,
299,2026-06-20,蜜雪茶姬,珍珠奶茶,门店,外卖包装漏了，杯盖不紧，袋子湿了,2,负面,负面,包装漏 杯盖不紧,-2.0,负面,负面,包装问题
300,2026-06-21,爷爷喜欢茶,水果茶,门店,\\n号称全球最大咖啡馆，装修很上档啊，怪不得游客和文青都爱来，大吊顶，大书柜，大海景，挺有腔调，一楼的后院与环岛路的木栈道相连，嫌室内闷的,5,正面,正面,很 不,0.0,中性,正面,
301,2026-06-22,瑞巴克,厚乳拿铁,门店,厚乳拿铁价格涨了，但品质没跟上,2,负面,负面,没,0.0,中性,负面,
302,2026-06-23,爷爷喜欢茶,水果茶,门店,爷爷喜欢茶优惠活动套路多，水果茶实付不便宜,2,负面,负面,不,0.0,中性,负面,
303,2026-06-24,瑞巴克,奶盖茶,门店,店员态度差，问甜度时很不耐烦,2,负面,负面,态度差 很 不耐烦,-3.8,负面,负面,服务问题
304,2026-06-25,瑞巴克,柠檬茶,门店,柠檬茶口感好，料足，包装好，没有洒,5,正面,正面,口感好 料足 包装好 没有,5.5,正面,正面,
305,2026-06-26,蜜雪茶姬,珍珠奶茶,门店,妈妈选了一壶柠檬茶，还可以续杯呢,5,正面,正面,柠檬茶,0.0,中性,正面,
306,2026-06-27,蜜雪茶姬,珍珠奶茶,外卖,蜜雪茶姬门店环境一般，珍珠奶茶也就那样,3,中性,中性,门店环境一般 也就那样,0.0,中性,中性,
307,2026-06-28,爷爷喜欢茶,柠檬茶,门店,爷爷喜欢茶最近涨价明显，性价比低,2,负面,负面,涨价 性价比低,-1.5,负面,负面,价格问题
308,2026-06-01,蜜雪茶姬,杨枝甘露,外卖,价格有点贵，不过用券后还能接受,3,中性,中性,有点 贵 不,-1.6,负面,中性,价格问题
309,2026-06-02,蜜雪茶姬,珍珠奶茶,门店,\\n美中不足一点，饮料吧前用来榨果汁的水果都烂了，不新鲜，因戏我们也没点鲜榨果汁，请店家务必提高食品质量,5,正面,正面,不 不新鲜 没,2.0,正面,正面,
310,2026-06-03,爷爷喜欢茶,杨枝甘露,门店,这杯杨枝甘露入口丝滑，没有颗粒感,5,正面,正面,没有,0.0,中性,正面,
311,2026-06-04,爷爷喜欢茶,珍珠奶茶,门店,珍珠奶茶的果味很自然，不是糖浆兑出来的,5,正面,正面,很 不是,0.0,中性,正面,
312,2026-06-05,爷爷喜欢茶,杨枝甘露,门店,杨枝甘露的奶油顶很绵密，配茶底不腻,5,正面,正面,很 不 腻,1.0,正面,正面,
313,2026-06-06,爷爷喜欢茶,柠檬茶,门店,这杯柠檬茶甜得发苦，不知道放了什么,2,负面,负面,苦 不,-1.0,负面,负面,口味问题
314,2026-06-07,蜜雪茶姬,杨枝甘露,门店,蜜雪茶姬的杨枝甘露价格虚高，味道普通,2,负面,负面,价格虚高 味道普通,0.0,中性,负面,
315,2026-06-08,瑞巴克,奶盖茶,门店,奶盖茶的小料硬邦邦的，像是隔夜泡的,2,负面,负面,硬邦邦,-1.5,负面,负面,产品问题
316,2026-06-09,爷爷喜欢茶,珍珠奶茶,门店,爷爷喜欢茶这次的珍珠奶茶挺划算，排队也不久,5,正面,正面,划算 排队 不,1.0,正面,正面,
317,2026-06-10,蜜雪茶姬,杨枝甘露,门店,蜜雪茶姬的杨枝甘露优惠券不能用，体验很差,2,负面,负面,不 很,0.0,中性,负面,
318,2026-06-11,蜜雪茶姬,珍珠奶茶,外卖,蜜雪茶姬门店环境一般，珍珠奶茶也就那样,3,中性,中性,门店环境一般 也就那样,0.0,中性,中性,
319,2026-06-12,蜜雪茶姬,杨枝甘露,门店,杨枝甘露包装破损，杯子都瘪了,2,负面,负面,包装破,0.0,中性,负面,包装问题
320,2026-06-13,瑞巴克,厚乳拿铁,门店,厚乳拿铁果茶里的水果不新鲜，有异味,2,负面,负面,不新鲜 异味,-3.5,负面,负面,口味问题
321,2026-06-14,蜜雪茶姬,奶盖茶,门店,店员态度很好，奶盖茶做错了马上重做了一杯,5,正面,正面,很,0.0,中性,正面,
322,2026-06-15,爷爷喜欢茶,柠檬茶,外卖,柠檬茶的珍珠偏硬，但奶茶本身还可以,3,中性,中性,的珍珠偏硬 但奶茶本身还可以,0.0,中性,中性,
323,2026-06-16,蜜雪茶姬,杨枝甘露,外卖,蜜雪茶姬排队五分钟，杨枝甘露口感也就那样,3,中性,中性,排队,-1.0,负面,中性,出餐问题
324,2026-06-17,瑞巴克,奶盖茶,门店,我们十月二号去的，不知道是假期店长放假吧，服务员相当散漫的到处溜达着，让我们有老人不能喝甜的只能喝水，我要了杯水，滚烫的水拿了个有把手的饮料,2,负面,负面,不 不,0.0,中性,负面,
325,2026-06-18,蜜雪茶姬,杨枝甘露,外卖,这次杨枝甘露的冰有点多，不过味道还行,3,中性,中性,有点 不,0.0,中性,中性,
326,2026-06-19,瑞巴克,奶盖茶,门店,配送员找不到地方，奶盖茶送了一个小时,2,负面,负面,不,0.0,中性,负面,
327,2026-06-20,爷爷喜欢茶,珍珠奶茶,门店,爷爷喜欢茶的珍珠奶茶性价比在同类里算很高的,5,正面,正面,很,0.0,中性,正面,
328,2026-06-21,蜜雪茶姬,奶盖茶,门店,外卖送到时奶盖茶还是冰的，杯盖也没漏,5,正面,正面,没 漏,2.0,正面,正面,
329,2026-06-22,蜜雪茶姬,厚乳拿铁,门店,蜜雪茶姬服务很贴心，备注少糖真的按要求做了,5,正面,正面,很 贴心,1.8,正面,正面,
330,2026-06-23,爷爷喜欢茶,水果茶,门店,这杯水果茶喝着有股怪味，像是变质了,2,负面,负面,这杯 喝着有股怪味 像是变质了,0.0,中性,负面,
331,2026-06-24,蜜雪茶姬,杨枝甘露,门店,蜜雪茶姬的杨枝甘露杯盖没盖紧，漏了一袋子,2,负面,负面,没 漏,2.0,正面,负面,
332,2026-06-25,瑞巴克,水果茶,门店,水果茶的布丁很嫩滑，和奶茶搭配很和谐,5,正面,正面,很 很,0.0,中性,正面,
333,2026-06-26,瑞巴克,奶盖茶,门店,这杯奶盖茶奶盖分层严重，搅拌不开,2,负面,负面,不,0.0,中性,负面,
334,2026-06-27,爷爷喜欢茶,柠檬茶,外卖,柠檬茶的珍珠偏硬，但奶茶本身还可以,3,中性,中性,的珍珠偏硬 但奶茶本身还可以,0.0,中性,中性,
335,2026-06-28,爷爷喜欢茶,水果茶,门店,市中区居然有情调这么好的咖啡厅一定不能错过，无论大厅还是单间都很有格调,5,正面,正面,不 很,0.0,中性,正面,
336,2026-06-01,爷爷喜欢茶,珍珠奶茶,门店,今天带朋友来喝爷爷喜欢茶的珍珠奶茶，她也说好喝,5,正面,正面,好喝,2.0,正面,正面,
337,2026-06-02,爷爷喜欢茶,水果茶,外卖,爷爷喜欢茶的服务还行，水果茶也没什么问题,3,中性,中性,没,0.0,中性,中性,
338,2026-06-03,蜜雪茶姬,杨枝甘露,外卖,今天杨枝甘露的分量一般，刚够喝,3,中性,中性,的分量一般 刚够喝,0.0,中性,中性,
339,2026-06-04,蜜雪茶姬,珍珠奶茶,门店,珍珠奶茶的珍珠夹生，咬起来很硬,2,负面,负面,珍珠夹生 很,-2.0,负面,负面,产品问题
340,2026-06-05,瑞巴克,奶盖茶,门店,等奶盖茶等了四十分钟，前面没几个人,2,负面,负面,没,0.0,中性,负面,
341,2026-06-06,爷爷喜欢茶,柠檬茶,外卖,柠檬茶喝着还行，出餐速度一般,3,中性,中性,喝着还行 出餐速度一般,0.0,中性,中性,
342,2026-06-07,爷爷喜欢茶,柠檬茶,外卖,柠檬茶味道还可以，但是没有特别惊喜,3,中性,中性,没有 特别,0.0,中性,中性,
343,2026-06-08,瑞巴克,柠檬茶,门店,这杯柠檬茶茶味很香，喝起来新鲜，整体满意,5,正面,正面,很 香 新鲜 满意,4.8,正面,正面,
344,2026-06-09,爷爷喜欢茶,水果茶,外卖,今天的水果茶有点甜，但还能接受,3,中性,中性,有点,0.0,中性,中性,
345,2026-06-10,爷爷喜欢茶,柠檬茶,门店,等柠檬茶等了四十分钟，前面没几个人,2,负面,负面,没,0.0,中性,负面,
346,2026-06-11,瑞巴克,水果茶,门店,水果茶的芋圆煮得很软糯，比别家好吃,5,正面,正面,很,0.0,中性,正面,
347,2026-06-12,爷爷喜欢茶,水果茶,外卖,水果茶料不算多，不过味道还可以,3,中性,中性,不 不,0.0,中性,中性,
348,2026-06-13,爷爷喜欢茶,水果茶,门店,水果茶的封口膜没封好，一碰就洒,2,负面,负面,没,0.0,中性,负面,
349,2026-06-14,蜜雪茶姬,珍珠奶茶,外卖,蜜雪茶姬排队五分钟，珍珠奶茶口感也就那样,3,中性,中性,排队,-1.0,负面,中性,出餐问题
350,2026-06-15,蜜雪茶姬,珍珠奶茶,门店,餐中的饮料百香雪酪是我的最爱，特别清凉可口，解腻去油，棒极了，每一一小杯感觉都不过瘾，希望店家以后能够加点量,5,正面,正面,香 特别 腻 不,0.0,中性,正面,口味问题
351,2026-06-16,瑞巴克,奶盖茶,门店,三分糖还是偏甜，喝到最后有点齁,2,负面,负面,有点,0.0,中性,负面,
352,2026-06-17,蜜雪茶姬,厚乳拿铁,门店,这杯厚乳拿铁奶香浓郁，喝完嘴里还有回甘,5,正面,正面,香,1.5,正面,正面,
353,2026-06-18,爷爷喜欢茶,柠檬茶,门店,柠檬茶喝完舌头很涩，像加了香精,2,负面,负面,很 香,1.8,正面,负面,
354,2026-06-19,瑞巴克,厚乳拿铁,门店,厚乳拿铁太甜了，喝到后面有点腻,2,负面,负面,太甜 有点 腻,-2.8,负面,负面,口味问题
355,2026-06-20,蜜雪茶姬,杨枝甘露,门店,杨枝甘露的小料硬邦邦的，像是隔夜泡的,2,负面,负面,硬邦邦,-1.5,负面,负面,产品问题
356,2026-06-21,蜜雪茶姬,珍珠奶茶,门店,蜜雪茶姬的珍珠奶茶价格贵，感觉不划算,2,负面,负面,贵 不划算,-2.0,负面,负面,价格问题
357,2026-06-22,爷爷喜欢茶,珍珠奶茶,门店,珍珠奶茶甜度可以自选，对控糖的人很友好,5,正面,正面,很,0.0,中性,正面,
358,2026-06-23,爷爷喜欢茶,杨枝甘露,门店,杨枝甘露五分糖甜度正好，不会太甜也不会淡,5,正面,正面,不 太甜 不,2.0,正面,正面,
359,2026-06-24,瑞巴克,柠檬茶,门店,柠檬茶清爽不腻，珍珠口感好，下次还会买,5,正面,正面,清爽 不 腻 口感好,1.0,正面,正面,
360,2026-06-25,爷爷喜欢茶,柠檬茶,门店,爷爷喜欢茶新品柠檬茶纯纯智商税，不好喝,2,负面,负面,不好喝,-2.0,负面,负面,口味问题
361,2026-06-26,爷爷喜欢茶,柠檬茶,门店,爷爷喜欢茶的柠檬茶价格虚高，味道普通,2,负面,负面,价格虚高 味道普通,0.0,中性,负面,
362,2026-06-27,瑞巴克,水果茶,门店,这杯水果茶果肉很多，喝起来很满足,5,正面,正面,很 很,0.0,中性,正面,
363,2026-06-28,蜜雪茶姬,厚乳拿铁,门店,厚乳拿铁口感好，料足，包装好，没有洒,5,正面,正面,口感好 料足 包装好 没有,5.5,正面,正面,
364,2026-06-01,瑞巴克,厚乳拿铁,外卖,厚乳拿铁果味不够浓，像是加水了,3,中性,中性,不,0.0,中性,中性,
365,2026-06-02,爷爷喜欢茶,水果茶,门店,爷爷喜欢茶的水果茶小料里有异物，很恶心,2,负面,负面,很,0.0,中性,负面,
366,2026-06-03,爷爷喜欢茶,杨枝甘露,门店,这杯杨枝甘露奶香浓郁，喝完嘴里还有回甘,5,正面,正面,香,1.5,正面,正面,
367,2026-06-04,蜜雪茶姬,珍珠奶茶,外卖,珍珠奶茶味道还可以，但是没有特别惊喜,3,中性,中性,没有 特别,0.0,中性,中性,
368,2026-06-05,瑞巴克,厚乳拿铁,门店,三分糖还是偏甜，喝到最后有点齁,2,负面,负面,有点,0.0,中性,负面,
369,2026-06-06,瑞巴克,水果茶,门店,水果茶的果味很自然，不是糖浆兑出来的,5,正面,正面,很 不是,0.0,中性,正面,
370,2026-06-07,瑞巴克,柠檬茶,门店,今天试了瑞巴克的柠檬茶，口感顺滑不涩口,5,正面,正面,不,0.0,中性,正面,
371,2026-06-08,爷爷喜欢茶,柠檬茶,外卖,不算难喝，但也没有想象中好喝,3,中性,中性,不 难喝 没有 好喝,0.0,中性,中性,口味问题
372,2026-06-09,蜜雪茶姬,杨枝甘露,外卖,杨枝甘露奶盖一般般，没有特别出彩,3,中性,中性,没有 特别,0.0,中性,中性,
373,2026-06-10,爷爷喜欢茶,水果茶,门店,中午排队等很久，水果茶出餐慢,2,负面,负面,排队 等很久 出餐慢,-3.0,负面,负面,出餐问题
374,2026-06-11,瑞巴克,水果茶,门店,瑞巴克的水果茶杯子设计很好看，很有辨识度,5,正面,正面,很 很,0.0,中性,正面,
375,2026-06-12,爷爷喜欢茶,柠檬茶,外卖,爷爷喜欢茶的柠檬茶用了券价格还行，原价不值,3,中性,中性,不,0.0,中性,中性,
376,2026-06-13,蜜雪茶姬,奶盖茶,门店,奶盖茶的包装很严实，插管都不会洒,5,正面,正面,很 不,0.0,中性,正面,
377,2026-06-14,蜜雪茶姬,珍珠奶茶,门店,蜜雪茶姬的珍珠奶茶广告图和实物差距太大,2,负面,负面,太,0.0,中性,负面,
378,2026-06-15,瑞巴克,奶盖茶,外卖,奶盖茶料不算多，不过味道还可以,3,中性,中性,不 不,0.0,中性,中性,
379,2026-06-16,瑞巴克,水果茶,门店,水果茶的芋圆煮得很软糯，比别家好吃,5,正面,正面,很,0.0,中性,正面,
380,2026-06-17,瑞巴克,柠檬茶,门店,奶盖很细腻，柠檬茶整体搭配不错,5,正面,正面,很 细腻 不错,3.3,正面,正面,
381,2026-06-18,蜜雪茶姬,奶盖茶,门店,奶盖茶清爽不腻，珍珠口感好，下次还会买,5,正面,正面,清爽 不 腻 口感好,1.0,正面,正面,
382,2026-06-19,爷爷喜欢茶,水果茶,外卖,爷爷喜欢茶的水果茶中规中矩，不会回购也不踩雷,3,中性,中性,不 不,0.0,中性,中性,
383,2026-06-20,爷爷喜欢茶,水果茶,门店,外卖水果茶送错了地址，重新送又等很久,2,负面,负面,送错 等很久,-4.0,负面,负面,出餐问题、配送问题
384,2026-06-21,瑞巴克,奶盖茶,门店,大众券85抵100，不能用于锅底，饮料，调料,5,正面,正面,不,0.0,中性,正面,
385,2026-06-22,蜜雪茶姬,奶盖茶,门店,蜜雪茶姬门店环境干净，等餐时还有座位可以坐,5,正面,正面,干净,1.5,正面,正面,
386,2026-06-23,蜜雪茶姬,奶盖茶,门店,今天点了杯奶盖茶，小料给得很足，性价比超高,5,正面,正面,很,0.0,中性,正面,
387,2026-06-24,爷爷喜欢茶,珍珠奶茶,门店,珍珠奶茶的茶味很浓，不是那种廉价的香精味,5,正面,正面,很 不是 香,-1.5,负面,正面,
388,2026-06-25,瑞巴克,水果茶,门店,今天带朋友来喝瑞巴克的水果茶，她也说好喝,5,正面,正面,好喝,2.0,正面,正面,
389,2026-06-26,爷爷喜欢茶,杨枝甘露,门店,爷爷喜欢茶的杨枝甘露分量足，一杯能喝一下午,5,正面,正面,分量足 一杯能喝一下午,0.0,中性,正面,
390,2026-06-27,蜜雪茶姬,杨枝甘露,门店,三分糖还是偏甜，喝到最后有点齁,2,负面,负面,有点,0.0,中性,负面,
391,2026-06-28,瑞巴克,奶盖茶,门店,奶盖茶标注大杯，实际容量偏小,2,负面,负面,标注大杯 实际容量偏小,0.0,中性,负面,
392,2026-06-01,瑞巴克,奶盖茶,外卖,奶盖茶的小料种类不多，选择有限,3,中性,中性,不,0.0,中性,中性,
393,2026-06-02,瑞巴克,水果茶,门店,水果茶的包装很严实，插管都不会洒,5,正面,正面,很 不,0.0,中性,正面,
394,2026-06-03,瑞巴克,奶盖茶,外卖,这杯奶盖茶冷热适中，就是常规水平,3,中性,中性,这杯 冷热适中 就是常规水平,0.0,中性,正面,
395,2026-06-04,爷爷喜欢茶,珍珠奶茶,门店,今天带朋友来喝爷爷喜欢茶的珍珠奶茶，她也说好喝,5,正面,正面,好喝,2.0,正面,正面,
396,2026-06-05,瑞巴克,厚乳拿铁,门店,瑞巴克客服态度冷淡，投诉也没用,2,负面,负面,没,0.0,中性,负面,
397,2026-06-06,爷爷喜欢茶,珍珠奶茶,门店,爷爷喜欢茶服务很贴心，备注少糖真的按要求做了,5,正面,正面,很 贴心,1.8,正面,正面,
398,2026-06-07,爷爷喜欢茶,柠檬茶,门店,中午排队等很久，柠檬茶出餐慢,2,负面,负面,排队 等很久 出餐慢,-3.0,负面,负面,出餐问题
399,2026-06-08,爷爷喜欢茶,珍珠奶茶,门店,珍珠奶茶包装颜值很高，拍照好看味道也不错,5,正面,正面,很 不错,1.8,正面,正面,
400,2026-06-09,瑞巴克,奶盖茶,外卖,不算难喝，但也没有想象中好喝,3,中性,中性,不 难喝 没有 好喝,0.0,中性,中性,口味问题
401,2026-06-10,蜜雪茶姬,珍珠奶茶,外卖,这次珍珠奶茶包装没问题，口味中规中矩,3,中性,中性,没,0.0,中性,中性,
402,2026-06-11,爷爷喜欢茶,杨枝甘露,门店,爷爷喜欢茶的杨枝甘露配送很快，二十分钟就送到了,5,正面,正面,很,0.0,中性,正面,
403,2026-06-12,瑞巴克,水果茶,门店,瑞巴克的水果茶经常搞活动，学生党很友好,5,正面,正面,很,0.0,中性,正面,
404,2026-06-13,爷爷喜欢茶,柠檬茶,外卖,爷爷喜欢茶排队五分钟，柠檬茶口感也就那样,3,中性,中性,排队,-1.0,负面,中性,出餐问题
405,2026-06-14,蜜雪茶姬,厚乳拿铁,门店,店员态度很好，厚乳拿铁做错了马上重做了一杯,5,正面,正面,很,0.0,中性,正面,
406,2026-06-15,爷爷喜欢茶,柠檬茶,门店,柠檬茶喝完嘴里发酸，品质有问题,2,负面,负面,喝完嘴里发酸 品质有问题,0.0,中性,负面,
407,2026-06-16,爷爷喜欢茶,水果茶,门店,爷爷喜欢茶的水果茶料越来越少，不会再买了,2,负面,负面,不,0.0,中性,负面,
408,2026-06-17,蜜雪茶姬,杨枝甘露,外卖,杨枝甘露的奶盖有点稀，不过整体能接受,3,中性,中性,有点 不,0.0,中性,中性,
409,2026-06-18,蜜雪茶姬,厚乳拿铁,门店,外卖送到时厚乳拿铁还是冰的，杯盖也没漏,5,正面,正面,没 漏,2.0,正面,正面,
410,2026-06-19,蜜雪茶姬,奶盖茶,门店,蜜雪茶姬服务很贴心，备注少糖真的按要求做了,5,正面,正面,很 贴心,1.8,正面,正面,
411,2026-06-20,爷爷喜欢茶,珍珠奶茶,门店,这杯珍珠奶茶入口丝滑，没有颗粒感,5,正面,正面,没有,0.0,中性,正面,
412,2026-06-21,爷爷喜欢茶,水果茶,外卖,水果茶包装普通，味道也普通,3,中性,中性,包装普通 味道也普通,0.0,中性,中性,
413,2026-06-22,爷爷喜欢茶,柠檬茶,外卖,这次柠檬茶的冰有点多，不过味道还行,3,中性,中性,有点 不,0.0,中性,中性,
414,2026-06-23,蜜雪茶姬,珍珠奶茶,门店,这杯珍珠奶茶奶盖分层严重，搅拌不开,2,负面,负面,不,0.0,中性,负面,
415,2026-06-24,瑞巴克,厚乳拿铁,门店,外卖包装漏了，杯盖不紧，袋子湿了,2,负面,负面,包装漏 杯盖不紧,-2.0,负面,负面,包装问题
416,2026-06-25,蜜雪茶姬,珍珠奶茶,门店,珍珠奶茶的珍珠夹生，咬起来很硬,2,负面,负面,珍珠夹生 很,-2.0,负面,负面,产品问题
417,2026-06-26,瑞巴克,柠檬茶,门店,瑞巴克门店环境干净，等餐时还有座位可以坐,5,正面,正面,干净,1.5,正面,正面,
418,2026-06-27,瑞巴克,厚乳拿铁,门店,瑞巴克的厚乳拿铁越来越水，没以前好喝,2,负面,负面,没 好喝,-2.0,负面,负面,
419,2026-06-28,瑞巴克,奶盖茶,门店,外卖奶盖茶送错了地址，重新送又等很久,2,负面,负面,送错 等很久,-4.0,负面,负面,出餐问题、配送问题
420,2026-06-01,瑞巴克,柠檬茶,门店,柠檬茶的奶油顶很绵密，配茶底不腻,5,正面,正面,很 不 腻,1.0,正面,正面,
421,2026-06-02,瑞巴克,厚乳拿铁,门店,厚乳拿铁喝完舌头很涩，像加了香精,2,负面,负面,很 香,1.8,正面,负面,
422,2026-06-03,爷爷喜欢茶,柠檬茶,门店,店员态度差，问甜度时很不耐烦,2,负面,负面,态度差 很 不耐烦,-3.8,负面,负面,服务问题
423,2026-06-04,爷爷喜欢茶,水果茶,门店,华夫味道一般，喝的雪顶蓝柑荔枝苏打水，挺清爽的,5,正面,正面,清爽,2.0,正面,正面,
424,2026-06-05,爷爷喜欢茶,杨枝甘露,门店,这杯杨枝甘露冷热都好喝，冬天夏天都适合,5,正面,正面,好喝,2.0,正面,正面,
425,2026-06-06,蜜雪茶姬,珍珠奶茶,外卖,蜜雪茶姬的珍珠奶茶喝起来不腻，但也没记忆点,3,中性,中性,不 腻 没,1.0,正面,中性,
426,2026-06-07,蜜雪茶姬,奶盖茶,门店,蜜雪茶姬的奶盖茶杯子设计很好看，很有辨识度,5,正面,正面,很 很,0.0,中性,正面,
427,2026-06-08,蜜雪茶姬,奶盖茶,门店,蜜雪茶姬的奶盖茶杯子设计很好看，很有辨识度,5,正面,正面,很 很,0.0,中性,正面,
428,2026-06-09,蜜雪茶姬,珍珠奶茶,门店,这杯珍珠奶茶喝着有股怪味，像是变质了,2,负面,负面,这杯 喝着有股怪味 像是变质了,0.0,中性,负面,
429,2026-06-10,蜜雪茶姬,珍珠奶茶,外卖,蜜雪茶姬的珍珠奶茶中规中矩，不会回购也不踩雷,3,中性,中性,不 不,0.0,中性,中性,
430,2026-06-11,爷爷喜欢茶,水果茶,外卖,今天的水果茶有点甜，但还能接受,3,中性,中性,有点,0.0,中性,中性,
431,2026-06-12,爷爷喜欢茶,柠檬茶,门店,爷爷喜欢茶的柠檬茶二次加热后味道很怪,2,负面,负面,很,0.0,中性,负面,
432,2026-06-13,蜜雪茶姬,奶盖茶,门店,蜜雪茶姬的奶盖茶好喝，甜度合适，价格也实惠,5,正面,正面,好喝 甜度合适 实惠,6.0,正面,正面,
433,2026-06-14,爷爷喜欢茶,水果茶,门店,店员推荐水果茶说招牌，结果很难喝,2,负面,负面,很 难喝,-2.4,负面,负面,口味问题
434,2026-06-15,瑞巴克,厚乳拿铁,门店,这杯厚乳拿铁喝着有股怪味，像是变质了,2,负面,负面,这杯 喝着有股怪味 像是变质了,0.0,中性,负面,
435,2026-06-16,蜜雪茶姬,珍珠奶茶,门店,外卖包装漏了，杯盖不紧，袋子湿了,2,负面,负面,包装漏 杯盖不紧,-2.0,负面,负面,包装问题
436,2026-06-17,爷爷喜欢茶,珍珠奶茶,门店,珍珠奶茶加了一份珍珠，口感层次更丰富了,5,正面,正面,加了一份珍珠 口感层次更丰富了,0.0,中性,正面,
437,2026-06-18,瑞巴克,厚乳拿铁,外卖,厚乳拿铁少糖还是有点甜，不过能忍,3,中性,中性,有点 不,0.0,中性,中性,
438,2026-06-19,瑞巴克,厚乳拿铁,门店,厚乳拿铁珍珠硬，冰太多，料少,2,负面,负面,珍珠硬 冰太多 料少,-4.0,负面,负面,产品问题
439,2026-06-20,蜜雪茶姬,珍珠奶茶,门店,珍珠奶茶喝完嘴里发酸，品质有问题,2,负面,负面,喝完嘴里发酸 品质有问题,0.0,中性,负面,
440,2026-06-21,瑞巴克,奶盖茶,门店,饮料我们主要喝的可尔必思，喜欢那种乳酸菌饮料的味道,5,正面,正面,喜欢,2.0,正面,正面,
441,2026-06-22,爷爷喜欢茶,柠檬茶,门店,外卖柠檬茶送错了地址，重新送又等很久,2,负面,负面,送错 等很久,-4.0,负面,负面,出餐问题、配送问题
442,2026-06-23,瑞巴克,奶盖茶,门店,奶盖茶的封口膜没封好，一碰就洒,2,负面,负面,没,0.0,中性,负面,
443,2026-06-24,蜜雪茶姬,珍珠奶茶,外卖,今天珍珠奶茶的分量一般，刚够喝,3,中性,中性,的分量一般 刚够喝,0.0,中性,中性,
444,2026-06-25,爷爷喜欢茶,柠檬茶,外卖,爷爷喜欢茶的柠檬茶中规中矩，不会回购也不踩雷,3,中性,中性,不 不,0.0,中性,中性,
445,2026-06-26,瑞巴克,厚乳拿铁,门店,厚乳拿铁的甜度选项形同虚设，全糖太甜无糖没味,2,负面,负面,太甜 没,-2.0,负面,负面,口味问题
446,2026-06-27,爷爷喜欢茶,水果茶,外卖,水果茶果味不够浓，像是加水了,3,中性,中性,不,0.0,中性,中性,
447,2026-06-28,爷爷喜欢茶,柠檬茶,外卖,不算难喝，但也没有想象中好喝,3,中性,中性,不 难喝 没有 好喝,0.0,中性,中性,口味问题
448,2026-06-01,瑞巴克,柠檬茶,门店,瑞巴克家的柠檬茶一如既往的稳定，喝了三年没变,5,正面,正面,稳定 没,1.5,正面,正面,
449,2026-06-02,瑞巴克,奶盖茶,门店,奶盖茶说是鲜奶做的，喝着像奶粉冲的,2,负面,负面,说是鲜奶做的 喝着像奶粉冲的,0.0,中性,负面,
450,2026-06-03,瑞巴克,厚乳拿铁,门店,瑞巴克新品厚乳拿铁纯纯智商税，不好喝,2,负面,负面,不好喝,-2.0,负面,负面,口味问题
451,2026-06-04,爷爷喜欢茶,柠檬茶,外卖,今天柠檬茶等了一会，不过味道还可以,3,中性,中性,不,0.0,中性,中性,
452,2026-06-05,爷爷喜欢茶,水果茶,外卖,爷爷喜欢茶的水果茶价格和品质匹配，没什么亮点,3,中性,中性,没,0.0,中性,负面,
453,2026-06-06,爷爷喜欢茶,杨枝甘露,门店,爷爷喜欢茶的杨枝甘露分量足，一杯能喝一下午,5,正面,正面,分量足 一杯能喝一下午,0.0,中性,正面,
454,2026-06-07,瑞巴克,奶盖茶,外卖,奶盖茶的奶盖有点稀，不过整体能接受,3,中性,中性,有点 不,0.0,中性,中性,
455,2026-06-08,瑞巴克,厚乳拿铁,外卖,瑞巴克门店环境一般，厚乳拿铁也就那样,3,中性,中性,门店环境一般 也就那样,0.0,中性,中性,
456,2026-06-09,蜜雪茶姬,厚乳拿铁,门店,厚乳拿铁少冰刚刚好，不会因为冰块多而变淡,5,正面,正面,不,0.0,中性,正面,
457,2026-06-10,瑞巴克,柠檬茶,门店,瑞巴克的柠檬茶性价比在同类里算很高的,5,正面,正面,很,0.0,中性,正面,
458,2026-06-11,蜜雪茶姬,厚乳拿铁,门店,蜜雪茶姬的厚乳拿铁用料很实在，珍珠软糯有嚼劲,5,正面,正面,很,0.0,中性,正面,
459,2026-06-12,瑞巴克,厚乳拿铁,外卖,不算难喝，但也没有想象中好喝,3,中性,中性,不 难喝 没有 好喝,0.0,中性,中性,口味问题
460,2026-06-13,蜜雪茶姬,厚乳拿铁,门店,蜜雪茶姬家的厚乳拿铁一如既往的稳定，喝了三年没变,5,正面,正面,稳定 没,1.5,正面,正面,
461,2026-06-14,爷爷喜欢茶,杨枝甘露,门店,爷爷喜欢茶的杨枝甘露分量足，一杯能喝一下午,5,正面,正面,分量足 一杯能喝一下午,0.0,中性,正面,
462,2026-06-15,蜜雪茶姬,珍珠奶茶,门店,要了火龙果汁8元，加了水跟糖，比较清甜,5,正面,正面,要了火龙果汁8元 加了水跟糖 比较清甜,0.0,中性,正面,
463,2026-06-16,瑞巴克,厚乳拿铁,门店,三分糖还是偏甜，喝到最后有点齁,2,负面,负面,有点,0.0,中性,负面,
464,2026-06-17,爷爷喜欢茶,柠檬茶,门店,柠檬茶的封口膜没封好，一碰就洒,2,负面,负面,没,0.0,中性,负面,
465,2026-06-18,爷爷喜欢茶,水果茶,外卖,水果茶料不算少，但也不算多,3,中性,中性,不 不,0.0,中性,中性,
466,2026-06-19,瑞巴克,水果茶,门店,今天买的水果茶很清爽，店员服务好，出餐速度也快,5,正面,正面,很 清爽 服务好,4.4,正面,正面,
467,2026-06-20,蜜雪茶姬,厚乳拿铁,门店,今天买的厚乳拿铁很解渴，夏天喝特别爽,5,正面,正面,很 特别,0.0,中性,正面,
468,2026-06-21,爷爷喜欢茶,珍珠奶茶,门店,爷爷喜欢茶门店环境干净，等餐时还有座位可以坐,5,正面,正面,干净,1.5,正面,正面,
469,2026-06-22,瑞巴克,柠檬茶,门店,瑞巴克的柠檬茶用料很实在，珍珠软糯有嚼劲,5,正面,正面,很,0.0,中性,正面,
470,2026-06-23,蜜雪茶姬,厚乳拿铁,门店,厚乳拿铁的芋圆煮得很软糯，比别家好吃,5,正面,正面,很,0.0,中性,正面,
471,2026-06-24,瑞巴克,水果茶,门店,瑞巴克这次的水果茶挺划算，排队也不久,5,正面,正面,划算 排队 不,1.0,正面,正面,
472,2026-06-25,蜜雪茶姬,杨枝甘露,门店,外卖杨枝甘露没加我单点的小料，钱白花了,2,负面,负面,没加,-1.5,负面,负面,产品问题
473,2026-06-26,爷爷喜欢茶,柠檬茶,门店,爷爷喜欢茶的柠檬茶价格虚高，味道普通,2,负面,负面,价格虚高 味道普通,0.0,中性,负面,
474,2026-06-27,瑞巴克,奶盖茶,外卖,瑞巴克的奶盖茶新品试了一下，无功无过,3,中性,中性,新品试了一下 无功无过,0.0,中性,中性,
475,2026-06-28,爷爷喜欢茶,杨枝甘露,门店,爷爷喜欢茶这次的杨枝甘露挺划算，排队也不久,5,正面,正面,划算 排队 不,1.0,正面,正面,
476,2026-06-01,瑞巴克,奶盖茶,门店,香茅饮品都几好～就系甜左d,5,正面,正面,香,1.5,正面,正面,
477,2026-06-02,爷爷喜欢茶,水果茶,门店,爷爷喜欢茶的水果茶服务员态度恶劣，不想再去,2,负面,负面,不,0.0,中性,负面,
478,2026-06-03,蜜雪茶姬,杨枝甘露,外卖,价格有点贵，不过用券后还能接受,3,中性,中性,有点 贵 不,-1.6,负面,中性,价格问题
479,2026-06-04,瑞巴克,厚乳拿铁,外卖,瑞巴克的厚乳拿铁中规中矩，不会回购也不踩雷,3,中性,中性,不 不,0.0,中性,中性,
480,2026-06-05,爷爷喜欢茶,杨枝甘露,门店,爷爷喜欢茶的杨枝甘露用料很实在，珍珠软糯有嚼劲,5,正面,正面,很,0.0,中性,正面,
481,2026-06-06,瑞巴克,奶盖茶,门店,这杯奶盖茶冰化了之后淡得像水,2,负面,负面,这杯 冰化了之后淡得像水,0.0,中性,负面,
482,2026-06-07,蜜雪茶姬,珍珠奶茶,门店,肯德基的餐品就不用多介绍了，从小吃到大，最爱还是方腿，土豆泥，现在鲜榨咖啡也相当好喝,5,正面,正面,不 好喝,-2.0,负面,正面,
483,2026-06-08,瑞巴克,奶盖茶,门店,珍珠糯米圆不好吃，颜色看起来就没有食欲,5,正面,正面,不 没有,0.0,中性,正面,
484,2026-06-09,蜜雪茶姬,杨枝甘露,门店,蜜雪茶姬的杨枝甘露排队二十分钟，出品却一般,2,负面,负面,排队,-1.0,负面,负面,出餐问题
485,2026-06-10,瑞巴克,奶盖茶,门店,奶盖茶的奶盖有腥味，完全喝不下去,2,负面,负面,腥味 不,-2.0,负面,负面,口味问题
486,2026-06-11,爷爷喜欢茶,珍珠奶茶,门店,爷爷喜欢茶这次的珍珠奶茶挺划算，排队也不久,5,正面,正面,划算 排队 不,1.0,正面,正面,
487,2026-06-12,蜜雪茶姬,厚乳拿铁,门店,厚乳拿铁的芝士奶盖咸香适中，茶底也很清新,5,正面,正面,香 很,1.5,正面,正面,
488,2026-06-13,蜜雪茶姬,杨枝甘露,外卖,外卖杨枝甘露的封口贴有点歪，但没漏,3,中性,中性,有点 没 漏,2.0,正面,中性,
489,2026-06-14,瑞巴克,柠檬茶,门店,柠檬茶的布丁很嫩滑，和奶茶搭配很和谐,5,正面,正面,很 很,0.0,中性,正面,
490,2026-06-15,蜜雪茶姬,杨枝甘露,门店,外卖杨枝甘露送错了地址，重新送又等很久,2,负面,负面,送错 等很久,-4.0,负面,负面,出餐问题、配送问题
491,2026-06-16,瑞巴克,厚乳拿铁,门店,瑞巴克客服态度冷淡，投诉也没用,2,负面,负面,没,0.0,中性,负面,
492,2026-06-17,蜜雪茶姬,珍珠奶茶,门店,珍珠奶茶喝着有塑料味，怀疑杯子质量差,2,负面,负面,喝着有塑料味 怀疑杯子质量差,0.0,中性,负面,
493,2026-06-18,蜜雪茶姬,杨枝甘露,门店,杨枝甘露喝完舌头很涩，像加了香精,2,负面,负面,很 香,1.8,正面,负面,
494,2026-06-19,爷爷喜欢茶,水果茶,门店,水果茶包装破损，杯子都瘪了,2,负面,负面,包装破,0.0,中性,负面,包装问题
495,2026-06-20,爷爷喜欢茶,珍珠奶茶,门店,爷爷喜欢茶的珍珠奶茶没有香精味，喝着很放心,5,正面,正面,没有 香 很,-1.5,负面,正面,
496,2026-06-21,爷爷喜欢茶,柠檬茶,门店,配送慢，送到时柠檬茶已经不新鲜,2,负面,负面,配送慢 不新鲜,-2.0,负面,负面,配送问题
497,2026-06-22,瑞巴克,奶盖茶,外卖,瑞巴克门店环境一般，奶盖茶也就那样,3,中性,中性,门店环境一般 也就那样,0.0,中性,中性,
498,2026-06-23,蜜雪茶姬,珍珠奶茶,门店,团购后人均71，没点饮料,5,正面,正面,没,0.0,中性,正面,
499,2026-06-24,蜜雪茶姬,珍珠奶茶,门店,蜜雪茶姬的珍珠奶茶小料里有异物，很恶心,2,负面,负面,很,0.0,中性,负面,
500,2026-06-25,蜜雪茶姬,奶盖茶,门店,奶盖茶的椰果很Q弹，搭配奶茶刚刚好,5,正面,正面,很,0.0,中性,正面,
