review_id,date,brand,product,channel,content,rating,label
1,2026-06-21,爷爷喜欢茶,杨枝甘露,外卖,配送慢，送到时杨枝甘露已经不新鲜,1,负面
2,2026-06-08,爷爷喜欢茶,厚乳拿铁,门店,厚乳拿铁喝着还行，出餐速度一般,3,中性
3,2026-06-17,爷爷喜欢茶,厚乳拿铁,外卖,厚乳拿铁料不算多，不过味道还可以,3,中性
4,2026-06-09,瑞巴克,杨枝甘露,外卖,今天买的杨枝甘露很清爽，服务好，出餐速度快,4,正面
5,2026-06-02,爷爷喜欢茶,厚乳拿铁,门店,爷爷喜欢茶的厚乳拿铁甜度正常，价格也一般,3,中性
6,2026-06-04,瑞巴克,柠檬茶,门店,这杯柠檬茶太淡了，还有点苦，不好喝,1,负面
7,2026-06-15,蜜雪茶姬,柠檬茶,外卖,柠檬茶口感好，料足，包装好，没有洒,5,正面
8,2026-06-07,蜜雪茶姬,厚乳拿铁,外卖,店员态度差，问甜度时很不耐烦,1,负面
9,2026-06-02,蜜雪茶姬,柠檬茶,门店,今天买的柠檬茶很清爽，服务好，出餐速度快,4,正面
10,2026-06-06,瑞巴克,杨枝甘露,门店,门店店员服务好，杨枝甘露做得很快，口味稳定,4,正面
11,2026-06-15,瑞巴克,柠檬茶,外卖,外卖包装漏了，杯盖不紧，袋子湿了,2,负面
12,2026-06-11,蜜雪茶姬,柠檬茶,外卖,柠檬茶喝着还行，出餐速度一般,3,中性
13,2026-06-18,瑞巴克,杨枝甘露,门店,今天的杨枝甘露有点甜，但还能接受,3,中性
14,2026-06-22,爷爷喜欢茶,杨枝甘露,门店,杨枝甘露太甜了，喝到后面有点腻,1,负面
15,2026-06-12,爷爷喜欢茶,厚乳拿铁,门店,爷爷喜欢茶这次的厚乳拿铁挺划算，排队也不久,4,正面
16,2026-06-28,瑞巴克,杨枝甘露,门店,外卖杨枝甘露送到时还行，没有明显问题,3,中性
17,2026-06-14,蜜雪茶姬,柠檬茶,门店,蜜雪茶姬的柠檬茶甜度正常，价格也一般,3,中性
18,2026-06-27,蜜雪茶姬,柠檬茶,外卖,外卖送来的柠檬茶包装好，冰量合适，味道喜欢,4,正面
19,2026-06-13,蜜雪茶姬,柠檬茶,外卖,外卖柠檬茶送到时还行，没有明显问题,3,中性
20,2026-06-05,蜜雪茶姬,厚乳拿铁,外卖,这杯厚乳拿铁太淡了，还有点苦，不好喝,1,负面
21,2026-06-21,爷爷喜欢茶,厚乳拿铁,外卖,外卖送来的厚乳拿铁包装好，冰量合适，味道喜欢,4,正面
22,2026-06-05,爷爷喜欢茶,厚乳拿铁,外卖,厚乳拿铁口感好，料足，包装好，没有洒,5,正面
23,2026-06-03,蜜雪茶姬,柠檬茶,外卖,柠檬茶口感好，料足，包装好，没有洒,4,正面
24,2026-06-14,爷爷喜欢茶,杨枝甘露,门店,点的杨枝甘露送错了，处理也不及时,2,负面
25,2026-06-23,蜜雪茶姬,厚乳拿铁,外卖,店员态度差，问甜度时很不耐烦,2,负面
26,2026-06-07,瑞巴克,杨枝甘露,外卖,今天的杨枝甘露有点甜，但还能接受,3,中性
27,2026-06-14,爷爷喜欢茶,杨枝甘露,门店,爷爷喜欢茶的杨枝甘露价格贵，感觉不划算,1,负面
28,2026-06-24,蜜雪茶姬,厚乳拿铁,门店,配送慢，送到时厚乳拿铁已经不新鲜,1,负面
29,2026-06-15,爷爷喜欢茶,厚乳拿铁,外卖,厚乳拿铁清爽不腻，珍珠口感好，下次还会买,5,正面
30,2026-06-09,瑞巴克,柠檬茶,外卖,这杯柠檬茶太淡了，还有点苦，不好喝,1,负面
31,2026-06-22,蜜雪茶姬,厚乳拿铁,门店,点的厚乳拿铁送错了，处理也不及时,2,负面
32,2026-06-17,蜜雪茶姬,厚乳拿铁,外卖,店员态度差，问甜度时很不耐烦,2,负面
33,2026-06-04,蜜雪茶姬,厚乳拿铁,门店,中午排队等很久，厚乳拿铁出餐慢,1,负面
34,2026-06-14,爷爷喜欢茶,厚乳拿铁,门店,这次厚乳拿铁包装没问题，口味中规中矩,3,中性
35,2026-06-14,蜜雪茶姬,柠檬茶,门店,门店店员服务好，柠檬茶做得很快，口味稳定,4,正面
36,2026-06-12,蜜雪茶姬,厚乳拿铁,门店,店员态度差，问甜度时很不耐烦,2,负面
37,2026-06-14,瑞巴克,杨枝甘露,门店,瑞巴克门店人比较多，整体体验一般,3,中性
38,2026-06-08,爷爷喜欢茶,杨枝甘露,门店,这杯杨枝甘露太淡了，还有点苦，不好喝,2,负面
39,2026-06-27,爷爷喜欢茶,厚乳拿铁,外卖,爷爷喜欢茶这次的厚乳拿铁挺划算，排队也不久,4,正面
40,2026-06-06,蜜雪茶姬,柠檬茶,门店,这次柠檬茶包装没问题，口味中规中矩,3,中性
41,2026-06-28,蜜雪茶姬,柠檬茶,门店,今天买的柠檬茶很清爽，服务好，出餐速度快,4,正面
42,2026-06-13,爷爷喜欢茶,厚乳拿铁,外卖,厚乳拿铁清爽不腻，珍珠口感好，下次还会买,4,正面
43,2026-06-06,蜜雪茶姬,厚乳拿铁,门店,蜜雪茶姬最近涨价明显，性价比低,1,负面
44,2026-06-03,瑞巴克,杨枝甘露,外卖,这杯杨枝甘露很香，喝起来新鲜，整体满意,4,正面
45,2026-06-26,爷爷喜欢茶,厚乳拿铁,门店,爷爷喜欢茶的厚乳拿铁甜度正常，价格也一般,3,中性
46,2026-06-08,爷爷喜欢茶,杨枝甘露,门店,杨枝甘露太甜了，喝到后面有点腻,1,负面
47,2026-06-14,爷爷喜欢茶,厚乳拿铁,门店,厚乳拿铁口感好，料足，包装好，没有洒,5,正面
48,2026-06-07,瑞巴克,柠檬茶,外卖,瑞巴克的柠檬茶价格贵，感觉不划算,2,负面
49,2026-06-28,蜜雪茶姬,柠檬茶,门店,外卖柠檬茶送到时还行，没有明显问题,3,中性
50,2026-06-17,爷爷喜欢茶,厚乳拿铁,外卖,爷爷喜欢茶的厚乳拿铁很好喝，甜度合适，价格也实惠,5,正面
51,2026-06-16,瑞巴克,杨枝甘露,门店,今天的杨枝甘露有点甜，但还能接受,3,中性
52,2026-06-14,瑞巴克,杨枝甘露,门店,这杯杨枝甘露很香，喝起来新鲜，整体满意,5,正面
53,2026-06-17,瑞巴克,杨枝甘露,外卖,今天买的杨枝甘露很清爽，服务好，出餐速度快,4,正面
54,2026-06-10,瑞巴克,柠檬茶,门店,瑞巴克的柠檬茶价格贵，感觉不划算,2,负面
55,2026-06-09,蜜雪茶姬,厚乳拿铁,外卖,厚乳拿铁珍珠硬，冰太多，料少,1,负面
56,2026-06-21,瑞巴克,杨枝甘露,外卖,今天买的杨枝甘露很清爽，服务好，出餐速度快,5,正面
57,2026-06-22,瑞巴克,柠檬茶,门店,这杯柠檬茶太淡了，还有点苦，不好喝,1,负面
58,2026-06-19,爷爷喜欢茶,杨枝甘露,外卖,爷爷喜欢茶最近涨价明显，性价比低,2,负面
59,2026-06-25,爷爷喜欢茶,厚乳拿铁,外卖,门店店员服务好，厚乳拿铁做得很快，口味稳定,5,正面
60,2026-06-23,蜜雪茶姬,柠檬茶,外卖,蜜雪茶姬的柠檬茶很好喝，甜度合适，价格也实惠,4,正面
61,2026-06-15,爷爷喜欢茶,厚乳拿铁,外卖,厚乳拿铁口感好，料足，包装好，没有洒,5,正面
62,2026-06-23,爷爷喜欢茶,杨枝甘露,外卖,这杯杨枝甘露太淡了，还有点苦，不好喝,2,负面
63,2026-06-22,爷爷喜欢茶,杨枝甘露,门店,杨枝甘露珍珠硬，冰太多，料少,1,负面
64,2026-06-03,爷爷喜欢茶,厚乳拿铁,外卖,厚乳拿铁清爽不腻，珍珠口感好，下次还会买,5,正面
65,2026-06-03,瑞巴克,杨枝甘露,外卖,瑞巴克门店人比较多，整体体验一般,3,中性
66,2026-06-23,瑞巴克,柠檬茶,外卖,柠檬茶太甜了，喝到后面有点腻,2,负面
67,2026-06-06,瑞巴克,杨枝甘露,门店,瑞巴克这次的杨枝甘露挺划算，排队也不久,4,正面
68,2026-06-28,爷爷喜欢茶,厚乳拿铁,门店,外卖厚乳拿铁送到时还行，没有明显问题,3,中性
69,2026-06-26,蜜雪茶姬,柠檬茶,门店,这杯柠檬茶很香，喝起来新鲜，整体满意,4,正面
70,2026-06-16,蜜雪茶姬,柠檬茶,门店,今天的柠檬茶有点甜，但还能接受,3,中性
71,2026-06-05,蜜雪茶姬,柠檬茶,外卖,门店店员服务好，柠檬茶做得很快，口味稳定,5,正面
72,2026-06-22,瑞巴克,柠檬茶,门店,中午排队等很久，柠檬茶出餐慢,2,负面
73,2026-06-15,蜜雪茶姬,柠檬茶,外卖,柠檬茶口感好，料足，包装好，没有洒,4,正面
74,2026-06-24,瑞巴克,杨枝甘露,门店,杨枝甘露味道还可以，但是没有特别惊喜,3,中性
75,2026-06-06,瑞巴克,杨枝甘露,门店,门店店员服务好，杨枝甘露做得很快，口味稳定,5,正面
76,2026-06-04,爷爷喜欢茶,厚乳拿铁,门店,这杯厚乳拿铁很香，喝起来新鲜，整体满意,4,正面
77,2026-06-11,爷爷喜欢茶,厚乳拿铁,外卖,厚乳拿铁味道还可以，但是没有特别惊喜,3,中性
78,2026-06-02,瑞巴克,杨枝甘露,门店,门店店员服务好，杨枝甘露做得很快，口味稳定,5,正面
79,2026-06-28,蜜雪茶姬,柠檬茶,门店,蜜雪茶姬这次的柠檬茶挺划算，排队也不久,5,正面
80,2026-06-13,爷爷喜欢茶,厚乳拿铁,外卖,门店店员服务好，厚乳拿铁做得很快，口味稳定,5,正面
81,2026-06-08,瑞巴克,柠檬茶,门店,点的柠檬茶送错了，处理也不及时,2,负面
82,2026-06-16,蜜雪茶姬,厚乳拿铁,门店,蜜雪茶姬的厚乳拿铁价格贵，感觉不划算,2,负面
83,2026-06-18,瑞巴克,杨枝甘露,门店,瑞巴克的杨枝甘露很好喝，甜度合适，价格也实惠,4,正面
84,2026-06-06,爷爷喜欢茶,杨枝甘露,门店,杨枝甘露珍珠硬，冰太多，料少,1,负面
85,2026-06-23,爷爷喜欢茶,杨枝甘露,外卖,杨枝甘露太甜了，喝到后面有点腻,1,负面
86,2026-06-21,蜜雪茶姬,厚乳拿铁,外卖,外卖包装漏了，杯盖不紧，袋子湿了,2,负面
87,2026-06-18,蜜雪茶姬,柠檬茶,门店,这杯柠檬茶很香，喝起来新鲜，整体满意,4,正面
88,2026-06-05,蜜雪茶姬,厚乳拿铁,外卖,中午排队等很久，厚乳拿铁出餐慢,2,负面
89,2026-06-11,爷爷喜欢茶,厚乳拿铁,外卖,爷爷喜欢茶的厚乳拿铁很好喝，甜度合适，价格也实惠,4,正面
90,2026-06-18,瑞巴克,杨枝甘露,门店,外卖送来的杨枝甘露包装好，冰量合适，味道喜欢,5,正面
91,2026-06-28,蜜雪茶姬,厚乳拿铁,门店,店员态度差，问甜度时很不耐烦,2,负面
92,2026-06-15,瑞巴克,杨枝甘露,外卖,瑞巴克这次的杨枝甘露挺划算，排队也不久,5,正面
93,2026-06-23,瑞巴克,柠檬茶,外卖,配送慢，送到时柠檬茶已经不新鲜,2,负面
94,2026-06-16,瑞巴克,杨枝甘露,门店,今天的杨枝甘露有点甜，但还能接受,3,中性
95,2026-06-02,蜜雪茶姬,厚乳拿铁,门店,中午排队等很久，厚乳拿铁出餐慢,1,负面
96,2026-06-23,瑞巴克,杨枝甘露,外卖,瑞巴克这次的杨枝甘露挺划算，排队也不久,4,正面
97,2026-06-20,爷爷喜欢茶,厚乳拿铁,门店,外卖厚乳拿铁送到时还行，没有明显问题,3,中性
98,2026-06-18,蜜雪茶姬,柠檬茶,门店,外卖柠檬茶送到时还行，没有明显问题,3,中性
99,2026-06-20,蜜雪茶姬,厚乳拿铁,门店,厚乳拿铁珍珠硬，冰太多，料少,1,负面
100,2026-06-22,蜜雪茶姬,柠檬茶,门店,这杯柠檬茶很香，喝起来新鲜，整体满意,5,正面
101,2026-06-03,蜜雪茶姬,柠檬茶,外卖,柠檬茶喝着还行，出餐速度一般,3,中性
102,2026-06-27,瑞巴克,杨枝甘露,外卖,瑞巴克这次的杨枝甘露挺划算，排队也不久,5,正面
103,2026-06-06,瑞巴克,柠檬茶,门店,点的柠檬茶送错了，处理也不及时,2,负面
104,2026-06-02,蜜雪茶姬,柠檬茶,门店,柠檬茶口感好，料足，包装好，没有洒,5,正面
105,2026-06-09,爷爷喜欢茶,杨枝甘露,外卖,这杯杨枝甘露太淡了，还有点苦，不好喝,2,负面
106,2026-06-18,瑞巴克,柠檬茶,门店,瑞巴克最近涨价明显，性价比低,2,负面
107,2026-06-14,瑞巴克,杨枝甘露,门店,瑞巴克这次的杨枝甘露挺划算，排队也不久,5,正面
108,2026-06-13,蜜雪茶姬,柠檬茶,外卖,外卖送来的柠檬茶包装好，冰量合适，味道喜欢,4,正面
109,2026-06-28,蜜雪茶姬,厚乳拿铁,门店,厚乳拿铁太甜了，喝到后面有点腻,1,负面
110,2026-06-17,爷爷喜欢茶,厚乳拿铁,外卖,这杯厚乳拿铁很香，喝起来新鲜，整体满意,5,正面
111,2026-06-14,蜜雪茶姬,柠檬茶,门店,蜜雪茶姬这次的柠檬茶挺划算，排队也不久,4,正面
112,2026-06-04,爷爷喜欢茶,厚乳拿铁,门店,爷爷喜欢茶的厚乳拿铁很好喝，甜度合适，价格也实惠,4,正面
113,2026-06-28,爷爷喜欢茶,杨枝甘露,门店,中午排队等很久，杨枝甘露出餐慢,1,负面
114,2026-06-16,蜜雪茶姬,柠檬茶,门店,这杯柠檬茶很香，喝起来新鲜，整体满意,5,正面
115,2026-06-05,爷爷喜欢茶,厚乳拿铁,外卖,爷爷喜欢茶的厚乳拿铁很好喝，甜度合适，价格也实惠,4,正面
116,2026-06-09,瑞巴克,杨枝甘露,外卖,瑞巴克的杨枝甘露很好喝，甜度合适，价格也实惠,4,正面
117,2026-06-17,爷爷喜欢茶,杨枝甘露,外卖,爷爷喜欢茶最近涨价明显，性价比低,1,负面
118,2026-06-08,蜜雪茶姬,柠檬茶,门店,这杯柠檬茶很香，喝起来新鲜，整体满意,4,正面
119,2026-06-22,瑞巴克,杨枝甘露,门店,外卖送来的杨枝甘露包装好，冰量合适，味道喜欢,4,正面
120,2026-06-18,爷爷喜欢茶,厚乳拿铁,门店,厚乳拿铁喝着还行，出餐速度一般,3,中性
121,2026-06-19,蜜雪茶姬,柠檬茶,外卖,这次柠檬茶包装没问题，口味中规中矩,3,中性
122,2026-06-17,蜜雪茶姬,柠檬茶,外卖,柠檬茶清爽不腻，珍珠口感好，下次还会买,4,正面
123,2026-06-26,瑞巴克,杨枝甘露,门店,今天买的杨枝甘露很清爽，服务好，出餐速度快,5,正面
124,2026-06-12,爷爷喜欢茶,厚乳拿铁,门店,厚乳拿铁清爽不腻，珍珠口感好，下次还会买,4,正面
125,2026-06-20,爷爷喜欢茶,杨枝甘露,门店,杨枝甘露太甜了，喝到后面有点腻,1,负面
126,2026-06-01,瑞巴克,柠檬茶,外卖,外卖包装漏了，杯盖不紧，袋子湿了,2,负面
127,2026-06-16,爷爷喜欢茶,杨枝甘露,门店,点的杨枝甘露送错了，处理也不及时,1,负面
128,2026-06-17,爷爷喜欢茶,杨枝甘露,外卖,爷爷喜欢茶的杨枝甘露价格贵，感觉不划算,2,负面
129,2026-06-14,瑞巴克,杨枝甘露,门店,杨枝甘露清爽不腻，珍珠口感好，下次还会买,4,正面
130,2026-06-13,蜜雪茶姬,柠檬茶,外卖,柠檬茶清爽不腻，珍珠口感好，下次还会买,5,正面
131,2026-06-21,蜜雪茶姬,柠檬茶,外卖,蜜雪茶姬的柠檬茶甜度正常，价格也一般,3,中性
132,2026-06-09,蜜雪茶姬,柠檬茶,外卖,外卖送来的柠檬茶包装好，冰量合适，味道喜欢,5,正面
133,2026-06-25,瑞巴克,杨枝甘露,外卖,杨枝甘露味道还可以，但是没有特别惊喜,3,中性
134,2026-06-13,爷爷喜欢茶,厚乳拿铁,外卖,这次厚乳拿铁包装没问题，口味中规中矩,3,中性
135,2026-06-14,瑞巴克,柠檬茶,门店,中午排队等很久，柠檬茶出餐慢,1,负面
136,2026-06-09,瑞巴克,柠檬茶,外卖,这杯柠檬茶太淡了，还有点苦，不好喝,2,负面
137,2026-06-05,蜜雪茶姬,柠檬茶,外卖,今天买的柠檬茶很清爽，服务好，出餐速度快,4,正面
138,2026-06-14,爷爷喜欢茶,厚乳拿铁,门店,厚乳拿铁料不算多，不过味道还可以,3,中性
139,2026-06-19,蜜雪茶姬,厚乳拿铁,外卖,厚乳拿铁太甜了，喝到后面有点腻,2,负面
140,2026-06-11,瑞巴克,柠檬茶,外卖,这杯柠檬茶太淡了，还有点苦，不好喝,2,负面
141,2026-06-16,爷爷喜欢茶,厚乳拿铁,门店,爷爷喜欢茶这次的厚乳拿铁挺划算，排队也不久,4,正面
142,2026-06-15,爷爷喜欢茶,杨枝甘露,外卖,杨枝甘露珍珠硬，冰太多，料少,2,负面
143,2026-06-03,爷爷喜欢茶,杨枝甘露,外卖,爷爷喜欢茶最近涨价明显，性价比低,2,负面
144,2026-06-11,蜜雪茶姬,柠檬茶,外卖,蜜雪茶姬这次的柠檬茶挺划算，排队也不久,4,正面
145,2026-06-07,瑞巴克,柠檬茶,外卖,柠檬茶珍珠硬，冰太多，料少,1,负面
146,2026-06-12,瑞巴克,杨枝甘露,门店,今天买的杨枝甘露很清爽，服务好，出餐速度快,5,正面
147,2026-06-12,瑞巴克,杨枝甘露,门店,瑞巴克的杨枝甘露很好喝，甜度合适，价格也实惠,4,正面
148,2026-06-20,瑞巴克,柠檬茶,门店,外卖包装漏了，杯盖不紧，袋子湿了,2,负面
149,2026-06-18,瑞巴克,杨枝甘露,门店,这杯杨枝甘露很香，喝起来新鲜，整体满意,5,正面
150,2026-06-06,蜜雪茶姬,柠檬茶,门店,外卖柠檬茶送到时还行，没有明显问题,3,中性
151,2026-06-16,爷爷喜欢茶,厚乳拿铁,门店,这杯厚乳拿铁很香，喝起来新鲜，整体满意,4,正面
152,2026-06-22,瑞巴克,杨枝甘露,门店,杨枝甘露料不算多，不过味道还可以,3,中性
153,2026-06-14,爷爷喜欢茶,厚乳拿铁,门店,厚乳拿铁口感好，料足，包装好，没有洒,5,正面
154,2026-06-03,爷爷喜欢茶,厚乳拿铁,外卖,厚乳拿铁料不算多，不过味道还可以,3,中性
155,2026-06-27,瑞巴克,柠檬茶,外卖,点的柠檬茶送错了，处理也不及时,1,负面
156,2026-06-17,爷爷喜欢茶,厚乳拿铁,外卖,外卖厚乳拿铁送到时还行，没有明显问题,3,中性
157,2026-06-12,瑞巴克,杨枝甘露,门店,这杯杨枝甘露很香，喝起来新鲜，整体满意,4,正面
158,2026-06-07,蜜雪茶姬,柠檬茶,外卖,外卖送来的柠檬茶包装好，冰量合适，味道喜欢,4,正面
159,2026-06-05,蜜雪茶姬,柠檬茶,外卖,柠檬茶料不算多，不过味道还可以,3,中性
160,2026-06-13,瑞巴克,柠檬茶,外卖,瑞巴克的柠檬茶价格贵，感觉不划算,2,负面
161,2026-06-01,蜜雪茶姬,柠檬茶,外卖,柠檬茶料不算多，不过味道还可以,3,中性
162,2026-06-01,爷爷喜欢茶,杨枝甘露,外卖,爷爷喜欢茶最近涨价明显，性价比低,2,负面
163,2026-06-20,蜜雪茶姬,柠檬茶,门店,柠檬茶清爽不腻，珍珠口感好，下次还会买,4,正面
164,2026-06-19,蜜雪茶姬,柠檬茶,外卖,今天买的柠檬茶很清爽，服务好，出餐速度快,4,正面
165,2026-06-08,蜜雪茶姬,柠檬茶,门店,柠檬茶清爽不腻，珍珠口感好，下次还会买,4,正面
166,2026-06-25,瑞巴克,杨枝甘露,外卖,瑞巴克的杨枝甘露甜度正常，价格也一般,3,中性
167,2026-06-13,瑞巴克,杨枝甘露,外卖,瑞巴克的杨枝甘露很好喝，甜度合适，价格也实惠,5,正面
168,2026-06-23,蜜雪茶姬,柠檬茶,外卖,今天的柠檬茶有点甜，但还能接受,3,中性
169,2026-06-23,爷爷喜欢茶,厚乳拿铁,外卖,这杯厚乳拿铁很香，喝起来新鲜，整体满意,4,正面
170,2026-06-23,爷爷喜欢茶,厚乳拿铁,外卖,爷爷喜欢茶的厚乳拿铁很好喝，甜度合适，价格也实惠,4,正面
171,2026-06-08,蜜雪茶姬,厚乳拿铁,门店,外卖包装漏了，杯盖不紧，袋子湿了,1,负面
172,2026-06-10,蜜雪茶姬,柠檬茶,门店,蜜雪茶姬的柠檬茶很好喝，甜度合适，价格也实惠,4,正面
173,2026-06-19,爷爷喜欢茶,厚乳拿铁,外卖,爷爷喜欢茶这次的厚乳拿铁挺划算，排队也不久,4,正面
174,2026-06-03,蜜雪茶姬,厚乳拿铁,外卖,厚乳拿铁珍珠硬，冰太多，料少,1,负面
175,2026-06-12,爷爷喜欢茶,厚乳拿铁,门店,外卖送来的厚乳拿铁包装好，冰量合适，味道喜欢,4,正面
176,2026-06-28,瑞巴克,杨枝甘露,门店,杨枝甘露味道还可以，但是没有特别惊喜,3,中性
177,2026-06-11,爷爷喜欢茶,杨枝甘露,外卖,外卖包装漏了，杯盖不紧，袋子湿了,1,负面
178,2026-06-28,瑞巴克,杨枝甘露,门店,这杯杨枝甘露很香，喝起来新鲜，整体满意,5,正面
179,2026-06-02,爷爷喜欢茶,厚乳拿铁,门店,厚乳拿铁喝着还行，出餐速度一般,3,中性
180,2026-06-03,瑞巴克,柠檬茶,外卖,店员态度差，问甜度时很不耐烦,1,负面
181,2026-06-12,蜜雪茶姬,厚乳拿铁,门店,蜜雪茶姬最近涨价明显，性价比低,2,负面
182,2026-06-14,蜜雪茶姬,厚乳拿铁,门店,这杯厚乳拿铁太淡了，还有点苦，不好喝,2,负面
183,2026-06-15,爷爷喜欢茶,杨枝甘露,外卖,爷爷喜欢茶最近涨价明显，性价比低,1,负面
184,2026-06-15,蜜雪茶姬,厚乳拿铁,外卖,外卖包装漏了，杯盖不紧，袋子湿了,1,负面
185,2026-06-10,瑞巴克,杨枝甘露,门店,这次杨枝甘露包装没问题，口味中规中矩,3,中性
186,2026-06-06,蜜雪茶姬,柠檬茶,门店,门店店员服务好，柠檬茶做得很快，口味稳定,5,正面
187,2026-06-08,瑞巴克,杨枝甘露,门店,这杯杨枝甘露很香，喝起来新鲜，整体满意,5,正面
188,2026-06-16,蜜雪茶姬,柠檬茶,门店,柠檬茶清爽不腻，珍珠口感好，下次还会买,5,正面
189,2026-06-26,蜜雪茶姬,厚乳拿铁,门店,店员态度差，问甜度时很不耐烦,2,负面
190,2026-06-19,蜜雪茶姬,柠檬茶,外卖,柠檬茶口感好，料足，包装好，没有洒,5,正面
191,2026-06-11,爷爷喜欢茶,厚乳拿铁,外卖,厚乳拿铁料不算多，不过味道还可以,3,中性
192,2026-06-20,蜜雪茶姬,柠檬茶,门店,柠檬茶料不算多，不过味道还可以,3,中性
193,2026-06-13,蜜雪茶姬,柠檬茶,外卖,柠檬茶清爽不腻，珍珠口感好，下次还会买,5,正面
194,2026-06-25,爷爷喜欢茶,厚乳拿铁,外卖,厚乳拿铁料不算多，不过味道还可以,3,中性
195,2026-06-18,爷爷喜欢茶,厚乳拿铁,门店,外卖送来的厚乳拿铁包装好，冰量合适，味道喜欢,4,正面
196,2026-06-20,瑞巴克,柠檬茶,门店,外卖包装漏了，杯盖不紧，袋子湿了,2,负面
197,2026-06-11,爷爷喜欢茶,厚乳拿铁,外卖,这杯厚乳拿铁很香，喝起来新鲜，整体满意,4,正面
198,2026-06-06,爷爷喜欢茶,厚乳拿铁,门店,今天买的厚乳拿铁很清爽，服务好，出餐速度快,5,正面
199,2026-06-12,瑞巴克,柠檬茶,门店,配送慢，送到时柠檬茶已经不新鲜,2,负面
200,2026-06-06,蜜雪茶姬,柠檬茶,门店,柠檬茶口感好，料足，包装好，没有洒,4,正面
201,2026-06-14,爷爷喜欢茶,杨枝甘露,门店,点的杨枝甘露送错了，处理也不及时,2,负面
202,2026-06-01,蜜雪茶姬,厚乳拿铁,外卖,厚乳拿铁太甜了，喝到后面有点腻,2,负面
203,2026-06-20,蜜雪茶姬,柠檬茶,门店,外卖送来的柠檬茶包装好，冰量合适，味道喜欢,5,正面
204,2026-06-04,蜜雪茶姬,厚乳拿铁,门店,点的厚乳拿铁送错了，处理也不及时,1,负面
205,2026-06-15,瑞巴克,杨枝甘露,外卖,外卖杨枝甘露送到时还行，没有明显问题,3,中性
206,2026-06-04,蜜雪茶姬,柠檬茶,门店,柠檬茶清爽不腻，珍珠口感好，下次还会买,4,正面
207,2026-06-14,蜜雪茶姬,厚乳拿铁,门店,厚乳拿铁珍珠硬，冰太多，料少,2,负面
208,2026-06-07,蜜雪茶姬,厚乳拿铁,外卖,蜜雪茶姬的厚乳拿铁价格贵，感觉不划算,2,负面
209,2026-06-26,蜜雪茶姬,厚乳拿铁,门店,店员态度差，问甜度时很不耐烦,1,负面
210,2026-06-19,瑞巴克,杨枝甘露,外卖,今天的杨枝甘露有点甜，但还能接受,3,中性
211,2026-06-24,蜜雪茶姬,柠檬茶,门店,外卖送来的柠檬茶包装好，冰量合适，味道喜欢,5,正面
212,2026-06-22,爷爷喜欢茶,厚乳拿铁,门店,厚乳拿铁喝着还行，出餐速度一般,3,中性
213,2026-06-02,蜜雪茶姬,柠檬茶,门店,柠檬茶喝着还行，出餐速度一般,3,中性
214,2026-06-15,蜜雪茶姬,柠檬茶,外卖,柠檬茶味道还可以，但是没有特别惊喜,3,中性
215,2026-06-05,瑞巴克,杨枝甘露,外卖,杨枝甘露清爽不腻，珍珠口感好，下次还会买,4,正面
216,2026-06-03,瑞巴克,杨枝甘露,外卖,这杯杨枝甘露很香，喝起来新鲜，整体满意,5,正面
217,2026-06-08,瑞巴克,杨枝甘露,门店,今天的杨枝甘露有点甜，但还能接受,3,中性
218,2026-06-04,爷爷喜欢茶,厚乳拿铁,门店,门店店员服务好，厚乳拿铁做得很快，口味稳定,4,正面
219,2026-06-13,爷爷喜欢茶,杨枝甘露,外卖,中午排队等很久，杨枝甘露出餐慢,2,负面
220,2026-06-24,爷爷喜欢茶,厚乳拿铁,门店,厚乳拿铁喝着还行，出餐速度一般,3,中性
221,2026-06-19,爷爷喜欢茶,厚乳拿铁,外卖,今天买的厚乳拿铁很清爽，服务好，出餐速度快,4,正面
222,2026-06-22,爷爷喜欢茶,厚乳拿铁,门店,爷爷喜欢茶这次的厚乳拿铁挺划算，排队也不久,5,正面
223,2026-06-24,爷爷喜欢茶,厚乳拿铁,门店,厚乳拿铁清爽不腻，珍珠口感好，下次还会买,5,正面
224,2026-06-20,蜜雪茶姬,柠檬茶,门店,柠檬茶口感好，料足，包装好，没有洒,5,正面
225,2026-06-25,蜜雪茶姬,厚乳拿铁,外卖,这杯厚乳拿铁太淡了，还有点苦，不好喝,2,负面
226,2026-06-16,爷爷喜欢茶,杨枝甘露,门店,这杯杨枝甘露太淡了，还有点苦，不好喝,1,负面
227,2026-06-04,爷爷喜欢茶,杨枝甘露,门店,外卖包装漏了，杯盖不紧，袋子湿了,1,负面
228,2026-06-01,蜜雪茶姬,柠檬茶,外卖,柠檬茶口感好，料足，包装好，没有洒,5,正面
229,2026-06-28,瑞巴克,柠檬茶,门店,柠檬茶珍珠硬，冰太多，料少,2,负面
230,2026-06-01,蜜雪茶姬,柠檬茶,外卖,蜜雪茶姬这次的柠檬茶挺划算，排队也不久,4,正面
231,2026-06-06,瑞巴克,柠檬茶,门店,店员态度差，问甜度时很不耐烦,2,负面
232,2026-06-05,爷爷喜欢茶,杨枝甘露,外卖,中午排队等很久，杨枝甘露出餐慢,2,负面
233,2026-06-10,蜜雪茶姬,柠檬茶,门店,柠檬茶料不算多，不过味道还可以,3,中性
234,2026-06-08,爷爷喜欢茶,杨枝甘露,门店,中午排队等很久，杨枝甘露出餐慢,1,负面
235,2026-06-17,蜜雪茶姬,柠檬茶,外卖,蜜雪茶姬的柠檬茶甜度正常，价格也一般,3,中性
236,2026-06-22,瑞巴克,杨枝甘露,门店,外卖杨枝甘露送到时还行，没有明显问题,3,中性
237,2026-06-15,蜜雪茶姬,柠檬茶,外卖,蜜雪茶姬的柠檬茶甜度正常，价格也一般,3,中性
238,2026-06-26,瑞巴克,杨枝甘露,门店,瑞巴克门店人比较多，整体体验一般,3,中性
239,2026-06-01,爷爷喜欢茶,厚乳拿铁,外卖,厚乳拿铁清爽不腻，珍珠口感好，下次还会买,4,正面
240,2026-06-07,爷爷喜欢茶,厚乳拿铁,外卖,爷爷喜欢茶的厚乳拿铁很好喝，甜度合适，价格也实惠,4,正面
241,2026-06-16,瑞巴克,柠檬茶,门店,柠檬茶珍珠硬，冰太多，料少,1,负面
242,2026-06-03,爷爷喜欢茶,厚乳拿铁,外卖,爷爷喜欢茶这次的厚乳拿铁挺划算，排队也不久,4,正面
243,2026-06-18,爷爷喜欢茶,杨枝甘露,门店,点的杨枝甘露送错了，处理也不及时,1,负面
244,2026-06-05,爷爷喜欢茶,杨枝甘露,外卖,配送慢，送到时杨枝甘露已经不新鲜,2,负面
245,2026-06-25,瑞巴克,杨枝甘露,外卖,这杯杨枝甘露很香，喝起来新鲜，整体满意,5,正面
246,2026-06-10,爷爷喜欢茶,厚乳拿铁,门店,厚乳拿铁味道还可以，但是没有特别惊喜,3,中性
247,2026-06-21,瑞巴克,杨枝甘露,外卖,杨枝甘露清爽不腻，珍珠口感好，下次还会买,5,正面
248,2026-06-08,爷爷喜欢茶,厚乳拿铁,门店,外卖送来的厚乳拿铁包装好，冰量合适，味道喜欢,4,正面
249,2026-06-27,瑞巴克,杨枝甘露,外卖,门店店员服务好，杨枝甘露做得很快，口味稳定,5,正面
250,2026-06-26,爷爷喜欢茶,杨枝甘露,门店,这杯杨枝甘露太淡了，还有点苦，不好喝,1,负面
251,2026-06-02,瑞巴克,柠檬茶,门店,这杯柠檬茶太淡了，还有点苦，不好喝,1,负面
252,2026-06-01,爷爷喜欢茶,杨枝甘露,外卖,爷爷喜欢茶最近涨价明显，性价比低,1,负面
253,2026-06-21,瑞巴克,杨枝甘露,外卖,门店店员服务好，杨枝甘露做得很快，口味稳定,4,正面
254,2026-06-13,瑞巴克,杨枝甘露,外卖,杨枝甘露料不算多，不过味道还可以,3,中性
255,2026-06-28,蜜雪茶姬,柠檬茶,门店,外卖柠檬茶送到时还行，没有明显问题,3,中性
256,2026-06-11,蜜雪茶姬,柠檬茶,外卖,柠檬茶清爽不腻，珍珠口感好，下次还会买,5,正面
257,2026-06-01,瑞巴克,杨枝甘露,外卖,今天的杨枝甘露有点甜，但还能接受,3,中性
258,2026-06-15,蜜雪茶姬,厚乳拿铁,外卖,厚乳拿铁太甜了，喝到后面有点腻,2,负面
259,2026-06-09,爷爷喜欢茶,厚乳拿铁,外卖,这杯厚乳拿铁很香，喝起来新鲜，整体满意,4,正面
260,2026-06-10,蜜雪茶姬,柠檬茶,门店,门店店员服务好，柠檬茶做得很快，口味稳定,5,正面
261,2026-06-02,爷爷喜欢茶,杨枝甘露,门店,这杯杨枝甘露太淡了，还有点苦，不好喝,2,负面
262,2026-06-06,瑞巴克,杨枝甘露,门店,瑞巴克的杨枝甘露甜度正常，价格也一般,3,中性
263,2026-06-07,蜜雪茶姬,柠檬茶,外卖,今天买的柠檬茶很清爽，服务好，出餐速度快,4,正面
264,2026-06-28,爷爷喜欢茶,厚乳拿铁,门店,爷爷喜欢茶的厚乳拿铁很好喝，甜度合适，价格也实惠,5,正面
265,2026-06-12,瑞巴克,柠檬茶,门店,配送慢，送到时柠檬茶已经不新鲜,1,负面
266,2026-06-27,瑞巴克,柠檬茶,外卖,瑞巴克最近涨价明显，性价比低,2,负面
267,2026-06-05,蜜雪茶姬,柠檬茶,外卖,蜜雪茶姬的柠檬茶甜度正常，价格也一般,3,中性
268,2026-06-04,爷爷喜欢茶,厚乳拿铁,门店,厚乳拿铁料不算多，不过味道还可以,3,中性
269,2026-06-27,瑞巴克,杨枝甘露,外卖,杨枝甘露味道还可以，但是没有特别惊喜,3,中性
270,2026-06-07,瑞巴克,杨枝甘露,外卖,外卖送来的杨枝甘露包装好，冰量合适，味道喜欢,5,正面
271,2026-06-01,爷爷喜欢茶,厚乳拿铁,外卖,这杯厚乳拿铁很香，喝起来新鲜，整体满意,5,正面
272,2026-06-10,瑞巴克,杨枝甘露,门店,杨枝甘露清爽不腻，珍珠口感好，下次还会买,5,正面
273,2026-06-24,瑞巴克,柠檬茶,门店,瑞巴克最近涨价明显，性价比低,2,负面
274,2026-06-09,蜜雪茶姬,厚乳拿铁,外卖,外卖包装漏了，杯盖不紧，袋子湿了,1,负面
275,2026-06-19,瑞巴克,柠檬茶,外卖,中午排队等很久，柠檬茶出餐慢,1,负面
276,2026-06-28,瑞巴克,柠檬茶,门店,点的柠檬茶送错了，处理也不及时,2,负面
277,2026-06-22,爷爷喜欢茶,厚乳拿铁,门店,这杯厚乳拿铁很香，喝起来新鲜，整体满意,5,正面
278,2026-06-19,瑞巴克,杨枝甘露,外卖,杨枝甘露味道还可以，但是没有特别惊喜,3,中性
279,2026-06-02,瑞巴克,杨枝甘露,门店,外卖送来的杨枝甘露包装好，冰量合适，味道喜欢,4,正面
280,2026-06-08,瑞巴克,杨枝甘露,门店,这杯杨枝甘露很香，喝起来新鲜，整体满意,5,正面
281,2026-06-02,瑞巴克,杨枝甘露,门店,瑞巴克的杨枝甘露很好喝，甜度合适，价格也实惠,4,正面
282,2026-06-25,爷爷喜欢茶,厚乳拿铁,外卖,爷爷喜欢茶这次的厚乳拿铁挺划算，排队也不久,4,正面
283,2026-06-19,瑞巴克,杨枝甘露,外卖,今天买的杨枝甘露很清爽，服务好，出餐速度快,5,正面
284,2026-06-21,瑞巴克,柠檬茶,外卖,柠檬茶珍珠硬，冰太多，料少,2,负面
285,2026-06-12,蜜雪茶姬,厚乳拿铁,门店,店员态度差，问甜度时很不耐烦,2,负面
286,2026-06-07,瑞巴克,杨枝甘露,外卖,瑞巴克的杨枝甘露很好喝，甜度合适，价格也实惠,4,正面
287,2026-06-12,爷爷喜欢茶,杨枝甘露,门店,配送慢，送到时杨枝甘露已经不新鲜,1,负面
288,2026-06-10,蜜雪茶姬,厚乳拿铁,门店,点的厚乳拿铁送错了，处理也不及时,2,负面
289,2026-06-10,爷爷喜欢茶,厚乳拿铁,门店,爷爷喜欢茶这次的厚乳拿铁挺划算，排队也不久,4,正面
290,2026-06-10,瑞巴克,柠檬茶,门店,瑞巴克最近涨价明显，性价比低,2,负面
291,2026-06-13,爷爷喜欢茶,杨枝甘露,外卖,杨枝甘露珍珠硬，冰太多，料少,2,负面
292,2026-06-09,蜜雪茶姬,柠檬茶,外卖,柠檬茶喝着还行，出餐速度一般,3,中性
293,2026-06-20,瑞巴克,杨枝甘露,门店,外卖杨枝甘露送到时还行，没有明显问题,3,中性
294,2026-06-05,瑞巴克,柠檬茶,外卖,外卖包装漏了，杯盖不紧，袋子湿了,2,负面
295,2026-06-19,蜜雪茶姬,柠檬茶,外卖,外卖柠檬茶送到时还行，没有明显问题,3,中性
296,2026-06-26,爷爷喜欢茶,厚乳拿铁,门店,厚乳拿铁料不算多，不过味道还可以,3,中性
297,2026-06-16,瑞巴克,柠檬茶,门店,外卖包装漏了，杯盖不紧，袋子湿了,1,负面
298,2026-06-04,瑞巴克,杨枝甘露,门店,瑞巴克门店人比较多，整体体验一般,3,中性
299,2026-06-21,瑞巴克,柠檬茶,外卖,点的柠檬茶送错了，处理也不及时,2,负面
300,2026-06-13,瑞巴克,柠檬茶,外卖,瑞巴克的柠檬茶价格贵，感觉不划算,2,负面
301,2026-06-27,瑞巴克,杨枝甘露,外卖,门店店员服务好，杨枝甘露做得很快，口味稳定,5,正面
302,2026-06-04,瑞巴克,杨枝甘露,门店,瑞巴克的杨枝甘露甜度正常，价格也一般,3,中性
303,2026-06-18,蜜雪茶姬,厚乳拿铁,门店,中午排队等很久，厚乳拿铁出餐慢,2,负面
304,2026-06-27,蜜雪茶姬,厚乳拿铁,外卖,蜜雪茶姬最近涨价明显，性价比低,1,负面
305,2026-06-23,蜜雪茶姬,厚乳拿铁,外卖,蜜雪茶姬最近涨价明显，性价比低,2,负面
306,2026-06-27,爷爷喜欢茶,杨枝甘露,外卖,爷爷喜欢茶最近涨价明显，性价比低,2,负面
307,2026-06-12,爷爷喜欢茶,厚乳拿铁,门店,爷爷喜欢茶门店人比较多，整体体验一般,3,中性
308,2026-06-01,瑞巴克,柠檬茶,外卖,柠檬茶太甜了，喝到后面有点腻,2,负面
309,2026-06-24,蜜雪茶姬,厚乳拿铁,门店,厚乳拿铁珍珠硬，冰太多，料少,2,负面
310,2026-06-23,蜜雪茶姬,柠檬茶,外卖,外卖送来的柠檬茶包装好，冰量合适，味道喜欢,5,正面
311,2026-06-26,爷爷喜欢茶,厚乳拿铁,门店,今天买的厚乳拿铁很清爽，服务好，出餐速度快,4,正面
312,2026-06-08,蜜雪茶姬,柠檬茶,门店,门店店员服务好，柠檬茶做得很快，口味稳定,5,正面
313,2026-06-05,瑞巴克,柠檬茶,外卖,点的柠檬茶送错了，处理也不及时,2,负面
314,2026-06-20,瑞巴克,杨枝甘露,门店,杨枝甘露味道还可以，但是没有特别惊喜,3,中性
315,2026-06-26,蜜雪茶姬,柠檬茶,门店,门店店员服务好，柠檬茶做得很快，口味稳定,4,正面
316,2026-06-04,爷爷喜欢茶,杨枝甘露,门店,爷爷喜欢茶最近涨价明显，性价比低,1,负面
317,2026-06-02,爷爷喜欢茶,杨枝甘露,门店,爷爷喜欢茶的杨枝甘露价格贵，感觉不划算,1,负面
318,2026-06-18,瑞巴克,柠檬茶,门店,配送慢，送到时柠檬茶已经不新鲜,2,负面
319,2026-06-03,瑞巴克,柠檬茶,外卖,瑞巴克的柠檬茶价格贵，感觉不划算,2,负面
320,2026-06-18,蜜雪茶姬,柠檬茶,门店,门店店员服务好，柠檬茶做得很快，口味稳定,5,正面
321,2026-06-09,爷爷喜欢茶,厚乳拿铁,外卖,爷爷喜欢茶的厚乳拿铁很好喝，甜度合适，价格也实惠,5,正面
322,2026-06-19,蜜雪茶姬,厚乳拿铁,外卖,这杯厚乳拿铁太淡了，还有点苦，不好喝,2,负面
323,2026-06-11,瑞巴克,杨枝甘露,外卖,杨枝甘露味道还可以，但是没有特别惊喜,3,中性
324,2026-06-19,瑞巴克,杨枝甘露,外卖,杨枝甘露清爽不腻，珍珠口感好，下次还会买,5,正面
325,2026-06-24,蜜雪茶姬,柠檬茶,门店,这次柠檬茶包装没问题，口味中规中矩,3,中性
326,2026-06-05,蜜雪茶姬,柠檬茶,外卖,今天买的柠檬茶很清爽，服务好，出餐速度快,4,正面
327,2026-06-13,瑞巴克,柠檬茶,外卖,外卖包装漏了，杯盖不紧，袋子湿了,2,负面
328,2026-06-26,瑞巴克,柠檬茶,门店,外卖包装漏了，杯盖不紧，袋子湿了,2,负面
329,2026-06-20,爷爷喜欢茶,厚乳拿铁,门店,门店店员服务好，厚乳拿铁做得很快，口味稳定,4,正面
330,2026-06-01,瑞巴克,杨枝甘露,外卖,瑞巴克这次的杨枝甘露挺划算，排队也不久,5,正面
331,2026-06-10,爷爷喜欢茶,厚乳拿铁,门店,门店店员服务好，厚乳拿铁做得很快，口味稳定,5,正面
332,2026-06-16,爷爷喜欢茶,厚乳拿铁,门店,今天买的厚乳拿铁很清爽，服务好，出餐速度快,4,正面
333,2026-06-26,瑞巴克,杨枝甘露,门店,今天买的杨枝甘露很清爽，服务好，出餐速度快,4,正面
334,2026-06-11,爷爷喜欢茶,杨枝甘露,外卖,外卖包装漏了，杯盖不紧，袋子湿了,2,负面
335,2026-06-09,爷爷喜欢茶,杨枝甘露,外卖,点的杨枝甘露送错了，处理也不及时,2,负面
336,2026-06-07,蜜雪茶姬,柠檬茶,外卖,柠檬茶喝着还行，出餐速度一般,3,中性
337,2026-06-26,爷爷喜欢茶,杨枝甘露,门店,配送慢，送到时杨枝甘露已经不新鲜,2,负面
338,2026-06-07,爷爷喜欢茶,杨枝甘露,外卖,外卖包装漏了，杯盖不紧，袋子湿了,2,负面
339,2026-06-12,蜜雪茶姬,柠檬茶,门店,今天的柠檬茶有点甜，但还能接受,3,中性
340,2026-06-12,爷爷喜欢茶,杨枝甘露,门店,这杯杨枝甘露太淡了，还有点苦，不好喝,1,负面
341,2026-06-25,蜜雪茶姬,柠檬茶,外卖,这次柠檬茶包装没问题，口味中规中矩,3,中性
342,2026-06-05,瑞巴克,杨枝甘露,外卖,杨枝甘露口感好，料足，包装好，没有洒,4,正面
343,2026-06-15,爷爷喜欢茶,厚乳拿铁,外卖,爷爷喜欢茶门店人比较多，整体体验一般,3,中性
344,2026-06-04,瑞巴克,杨枝甘露,门店,杨枝甘露清爽不腻，珍珠口感好，下次还会买,5,正面
345,2026-06-17,瑞巴克,柠檬茶,外卖,柠檬茶珍珠硬，冰太多，料少,2,负面
346,2026-06-22,爷爷喜欢茶,厚乳拿铁,门店,爷爷喜欢茶这次的厚乳拿铁挺划算，排队也不久,5,正面
347,2026-06-02,瑞巴克,柠檬茶,门店,柠檬茶太甜了，喝到后面有点腻,1,负面
348,2026-06-13,爷爷喜欢茶,厚乳拿铁,外卖,外卖送来的厚乳拿铁包装好，冰量合适，味道喜欢,5,正面
349,2026-06-18,蜜雪茶姬,厚乳拿铁,门店,店员态度差，问甜度时很不耐烦,2,负面
350,2026-06-04,蜜雪茶姬,柠檬茶,门店,蜜雪茶姬的柠檬茶很好喝，甜度合适，价格也实惠,5,正面
351,2026-06-24,蜜雪茶姬,柠檬茶,门店,柠檬茶味道还可以，但是没有特别惊喜,3,中性
352,2026-06-02,蜜雪茶姬,柠檬茶,门店,今天的柠檬茶有点甜，但还能接受,3,中性
353,2026-06-25,瑞巴克,杨枝甘露,外卖,瑞巴克的杨枝甘露很好喝，甜度合适，价格也实惠,4,正面
354,2026-06-26,蜜雪茶姬,柠檬茶,门店,柠檬茶清爽不腻，珍珠口感好，下次还会买,5,正面
355,2026-06-09,瑞巴克,杨枝甘露,外卖,瑞巴克的杨枝甘露甜度正常，价格也一般,3,中性
356,2026-06-17,瑞巴克,杨枝甘露,外卖,杨枝甘露喝着还行，出餐速度一般,3,中性
357,2026-06-27,爷爷喜欢茶,厚乳拿铁,外卖,外卖送来的厚乳拿铁包装好，冰量合适，味道喜欢,4,正面
358,2026-06-14,蜜雪茶姬,柠檬茶,门店,门店店员服务好，柠檬茶做得很快，口味稳定,4,正面
359,2026-06-21,蜜雪茶姬,柠檬茶,外卖,这杯柠檬茶很香，喝起来新鲜，整体满意,4,正面
360,2026-06-01,瑞巴克,杨枝甘露,外卖,今天的杨枝甘露有点甜，但还能接受,3,中性
361,2026-06-09,蜜雪茶姬,柠檬茶,外卖,蜜雪茶姬这次的柠檬茶挺划算，排队也不久,4,正面
362,2026-06-25,爷爷喜欢茶,杨枝甘露,外卖,爷爷喜欢茶最近涨价明显，性价比低,2,负面
363,2026-06-22,蜜雪茶姬,柠檬茶,门店,这次柠檬茶包装没问题，口味中规中矩,3,中性
364,2026-06-25,爷爷喜欢茶,杨枝甘露,外卖,这杯杨枝甘露太淡了，还有点苦，不好喝,1,负面
365,2026-06-15,瑞巴克,杨枝甘露,外卖,门店店员服务好，杨枝甘露做得很快，口味稳定,4,正面
366,2026-06-10,瑞巴克,柠檬茶,门店,配送慢，送到时柠檬茶已经不新鲜,1,负面
367,2026-06-08,爷爷喜欢茶,厚乳拿铁,门店,爷爷喜欢茶的厚乳拿铁很好喝，甜度合适，价格也实惠,4,正面
368,2026-06-09,蜜雪茶姬,厚乳拿铁,外卖,厚乳拿铁珍珠硬，冰太多，料少,2,负面
369,2026-06-27,爷爷喜欢茶,杨枝甘露,外卖,爷爷喜欢茶的杨枝甘露价格贵，感觉不划算,1,负面
370,2026-06-08,蜜雪茶姬,厚乳拿铁,门店,蜜雪茶姬最近涨价明显，性价比低,2,负面
371,2026-06-09,爷爷喜欢茶,厚乳拿铁,外卖,厚乳拿铁喝着还行，出餐速度一般,3,中性
372,2026-06-04,瑞巴克,柠檬茶,门店,柠檬茶珍珠硬，冰太多，料少,2,负面
373,2026-06-04,蜜雪茶姬,柠檬茶,门店,柠檬茶口感好，料足，包装好，没有洒,4,正面
374,2026-06-06,爷爷喜欢茶,厚乳拿铁,门店,今天的厚乳拿铁有点甜，但还能接受,3,中性
375,2026-06-17,瑞巴克,柠檬茶,外卖,柠檬茶太甜了，喝到后面有点腻,2,负面
376,2026-06-24,瑞巴克,杨枝甘露,门店,瑞巴克这次的杨枝甘露挺划算，排队也不久,4,正面
377,2026-06-23,瑞巴克,杨枝甘露,外卖,今天买的杨枝甘露很清爽，服务好，出餐速度快,5,正面
378,2026-06-27,爷爷喜欢茶,厚乳拿铁,外卖,厚乳拿铁喝着还行，出餐速度一般,3,中性
379,2026-06-21,爷爷喜欢茶,厚乳拿铁,外卖,今天买的厚乳拿铁很清爽，服务好，出餐速度快,4,正面
380,2026-06-17,瑞巴克,杨枝甘露,外卖,门店店员服务好，杨枝甘露做得很快，口味稳定,5,正面
381,2026-06-20,瑞巴克,杨枝甘露,门店,今天买的杨枝甘露很清爽，服务好，出餐速度快,4,正面
382,2026-06-08,瑞巴克,杨枝甘露,门店,瑞巴克的杨枝甘露很好喝，甜度合适，价格也实惠,4,正面
383,2026-06-20,爷爷喜欢茶,厚乳拿铁,门店,外卖厚乳拿铁送到时还行，没有明显问题,3,中性
384,2026-06-19,瑞巴克,柠檬茶,外卖,店员态度差，问甜度时很不耐烦,1,负面
385,2026-06-24,蜜雪茶姬,柠檬茶,门店,蜜雪茶姬的柠檬茶很好喝，甜度合适，价格也实惠,4,正面
386,2026-06-25,爷爷喜欢茶,厚乳拿铁,外卖,这杯厚乳拿铁很香，喝起来新鲜，整体满意,5,正面
387,2026-06-20,瑞巴克,杨枝甘露,门店,瑞巴克这次的杨枝甘露挺划算，排队也不久,4,正面
388,2026-06-06,蜜雪茶姬,厚乳拿铁,门店,店员态度差，问甜度时很不耐烦,1,负面
389,2026-06-28,爷爷喜欢茶,杨枝甘露,门店,外卖包装漏了，杯盖不紧，袋子湿了,2,负面
390,2026-06-20,爷爷喜欢茶,杨枝甘露,门店,杨枝甘露珍珠硬，冰太多，料少,1,负面
391,2026-06-22,瑞巴克,杨枝甘露,门店,杨枝甘露口感好，料足，包装好，没有洒,5,正面
392,2026-06-22,蜜雪茶姬,柠檬茶,门店,柠檬茶口感好，料足，包装好，没有洒,5,正面
393,2026-06-11,蜜雪茶姬,厚乳拿铁,外卖,厚乳拿铁珍珠硬，冰太多，料少,2,负面
394,2026-06-18,爷爷喜欢茶,厚乳拿铁,门店,厚乳拿铁料不算多，不过味道还可以,3,中性
395,2026-06-10,蜜雪茶姬,柠檬茶,门店,柠檬茶口感好，料足，包装好，没有洒,4,正面
396,2026-06-24,爷爷喜欢茶,杨枝甘露,门店,点的杨枝甘露送错了，处理也不及时,2,负面
397,2026-06-07,爷爷喜欢茶,厚乳拿铁,外卖,爷爷喜欢茶这次的厚乳拿铁挺划算，排队也不久,5,正面
398,2026-06-17,瑞巴克,杨枝甘露,外卖,杨枝甘露味道还可以，但是没有特别惊喜,3,中性
399,2026-06-06,爷爷喜欢茶,厚乳拿铁,门店,今天买的厚乳拿铁很清爽，服务好，出餐速度快,4,正面
400,2026-06-10,爷爷喜欢茶,杨枝甘露,门店,点的杨枝甘露送错了，处理也不及时,1,负面
401,2026-06-21,爷爷喜欢茶,杨枝甘露,外卖,中午排队等很久，杨枝甘露出餐慢,2,负面
402,2026-06-03,蜜雪茶姬,厚乳拿铁,外卖,店员态度差，问甜度时很不耐烦,1,负面
403,2026-06-07,爷爷喜欢茶,杨枝甘露,外卖,外卖包装漏了，杯盖不紧，袋子湿了,1,负面
404,2026-06-04,蜜雪茶姬,柠檬茶,门店,今天的柠檬茶有点甜，但还能接受,3,中性
405,2026-06-03,爷爷喜欢茶,杨枝甘露,外卖,中午排队等很久，杨枝甘露出餐慢,2,负面
406,2026-06-27,蜜雪茶姬,柠檬茶,外卖,柠檬茶喝着还行，出餐速度一般,3,中性
407,2026-06-01,爷爷喜欢茶,厚乳拿铁,外卖,今天的厚乳拿铁有点甜，但还能接受,3,中性
408,2026-06-20,蜜雪茶姬,厚乳拿铁,门店,外卖包装漏了，杯盖不紧，袋子湿了,1,负面
409,2026-06-25,瑞巴克,柠檬茶,外卖,点的柠檬茶送错了，处理也不及时,2,负面
410,2026-06-16,蜜雪茶姬,厚乳拿铁,门店,蜜雪茶姬的厚乳拿铁价格贵，感觉不划算,2,负面
411,2026-06-24,爷爷喜欢茶,厚乳拿铁,门店,门店店员服务好，厚乳拿铁做得很快，口味稳定,5,正面
412,2026-06-26,瑞巴克,杨枝甘露,门店,外卖杨枝甘露送到时还行，没有明显问题,3,中性
413,2026-06-03,蜜雪茶姬,柠檬茶,外卖,柠檬茶喝着还行，出餐速度一般,3,中性
414,2026-06-08,蜜雪茶姬,柠檬茶,门店,蜜雪茶姬门店人比较多，整体体验一般,3,中性
415,2026-06-10,瑞巴克,杨枝甘露,门店,瑞巴克门店人比较多，整体体验一般,3,中性
416,2026-06-12,蜜雪茶姬,柠檬茶,门店,今天买的柠檬茶很清爽，服务好，出餐速度快,4,正面
417,2026-06-21,瑞巴克,杨枝甘露,外卖,杨枝甘露喝着还行，出餐速度一般,3,中性
418,2026-06-22,蜜雪茶姬,厚乳拿铁,门店,店员态度差，问甜度时很不耐烦,2,负面
419,2026-06-01,蜜雪茶姬,柠檬茶,外卖,蜜雪茶姬这次的柠檬茶挺划算，排队也不久,4,正面
420,2026-06-28,瑞巴克,杨枝甘露,门店,杨枝甘露清爽不腻，珍珠口感好，下次还会买,4,正面
421,2026-06-16,瑞巴克,柠檬茶,门店,点的柠檬茶送错了，处理也不及时,1,负面
422,2026-06-02,瑞巴克,杨枝甘露,门店,外卖杨枝甘露送到时还行，没有明显问题,3,中性
423,2026-06-21,爷爷喜欢茶,厚乳拿铁,外卖,外卖厚乳拿铁送到时还行，没有明显问题,3,中性
424,2026-06-18,蜜雪茶姬,柠檬茶,门店,蜜雪茶姬门店人比较多，整体体验一般,3,中性
425,2026-06-13,瑞巴克,杨枝甘露,外卖,杨枝甘露味道还可以，但是没有特别惊喜,3,中性
426,2026-06-02,爷爷喜欢茶,厚乳拿铁,门店,这杯厚乳拿铁很香，喝起来新鲜，整体满意,5,正面
427,2026-06-24,瑞巴克,柠檬茶,门店,外卖包装漏了，杯盖不紧，袋子湿了,1,负面
428,2026-06-07,蜜雪茶姬,柠檬茶,外卖,这杯柠檬茶很香，喝起来新鲜，整体满意,5,正面
429,2026-06-25,蜜雪茶姬,厚乳拿铁,外卖,蜜雪茶姬的厚乳拿铁价格贵，感觉不划算,2,负面
430,2026-06-05,爷爷喜欢茶,厚乳拿铁,外卖,厚乳拿铁喝着还行，出餐速度一般,3,中性
431,2026-06-26,爷爷喜欢茶,厚乳拿铁,门店,厚乳拿铁口感好，料足，包装好，没有洒,4,正面
432,2026-06-15,爷爷喜欢茶,厚乳拿铁,外卖,爷爷喜欢茶这次的厚乳拿铁挺划算，排队也不久,4,正面
433,2026-06-11,瑞巴克,杨枝甘露,外卖,今天买的杨枝甘露很清爽，服务好，出餐速度快,4,正面
434,2026-06-05,爷爷喜欢茶,厚乳拿铁,外卖,爷爷喜欢茶的厚乳拿铁甜度正常，价格也一般,3,中性
435,2026-06-02,蜜雪茶姬,厚乳拿铁,门店,厚乳拿铁太甜了，喝到后面有点腻,1,负面
436,2026-06-01,爷爷喜欢茶,厚乳拿铁,外卖,厚乳拿铁料不算多，不过味道还可以,3,中性
437,2026-06-11,蜜雪茶姬,厚乳拿铁,外卖,蜜雪茶姬的厚乳拿铁价格贵，感觉不划算,2,负面
438,2026-06-17,爷爷喜欢茶,杨枝甘露,外卖,点的杨枝甘露送错了，处理也不及时,1,负面
439,2026-06-24,爷爷喜欢茶,厚乳拿铁,门店,厚乳拿铁料不算多，不过味道还可以,3,中性
440,2026-06-11,瑞巴克,杨枝甘露,外卖,瑞巴克的杨枝甘露很好喝，甜度合适，价格也实惠,4,正面
441,2026-06-15,蜜雪茶姬,厚乳拿铁,外卖,配送慢，送到时厚乳拿铁已经不新鲜,2,负面
442,2026-06-23,爷爷喜欢茶,厚乳拿铁,外卖,外卖厚乳拿铁送到时还行，没有明显问题,3,中性
443,2026-06-05,瑞巴克,杨枝甘露,外卖,杨枝甘露口感好，料足，包装好，没有洒,5,正面
444,2026-06-17,蜜雪茶姬,柠檬茶,外卖,门店店员服务好，柠檬茶做得很快，口味稳定,4,正面
445,2026-06-23,爷爷喜欢茶,厚乳拿铁,外卖,厚乳拿铁味道还可以，但是没有特别惊喜,3,中性
446,2026-06-12,蜜雪茶姬,柠檬茶,门店,柠檬茶喝着还行，出餐速度一般,3,中性
447,2026-06-16,瑞巴克,杨枝甘露,门店,瑞巴克这次的杨枝甘露挺划算，排队也不久,5,正面
448,2026-06-16,爷爷喜欢茶,厚乳拿铁,门店,爷爷喜欢茶门店人比较多，整体体验一般,3,中性
449,2026-06-03,瑞巴克,杨枝甘露,外卖,瑞巴克的杨枝甘露甜度正常，价格也一般,3,中性
450,2026-06-10,蜜雪茶姬,厚乳拿铁,门店,中午排队等很久，厚乳拿铁出餐慢,2,负面
451,2026-06-11,瑞巴克,柠檬茶,外卖,柠檬茶珍珠硬，冰太多，料少,2,负面
452,2026-06-10,爷爷喜欢茶,杨枝甘露,门店,这杯杨枝甘露太淡了，还有点苦，不好喝,2,负面
453,2026-06-24,瑞巴克,杨枝甘露,门店,瑞巴克的杨枝甘露很好喝，甜度合适，价格也实惠,4,正面
454,2026-06-08,爷爷喜欢茶,厚乳拿铁,门店,厚乳拿铁喝着还行，出餐速度一般,3,中性
455,2026-06-03,爷爷喜欢茶,厚乳拿铁,外卖,外卖送来的厚乳拿铁包装好，冰量合适，味道喜欢,4,正面
456,2026-06-07,爷爷喜欢茶,厚乳拿铁,外卖,厚乳拿铁味道还可以，但是没有特别惊喜,3,中性
457,2026-06-09,蜜雪茶姬,柠檬茶,外卖,柠檬茶料不算多，不过味道还可以,3,中性
458,2026-06-01,瑞巴克,杨枝甘露,外卖,杨枝甘露口感好，料足，包装好，没有洒,5,正面
459,2026-06-25,蜜雪茶姬,柠檬茶,外卖,蜜雪茶姬门店人比较多，整体体验一般,3,中性
460,2026-06-12,瑞巴克,杨枝甘露,门店,这次杨枝甘露包装没问题，口味中规中矩,3,中性
461,2026-06-19,爷爷喜欢茶,厚乳拿铁,外卖,门店店员服务好，厚乳拿铁做得很快，口味稳定,4,正面
462,2026-06-08,瑞巴克,柠檬茶,门店,瑞巴克的柠檬茶价格贵，感觉不划算,1,负面
463,2026-06-07,瑞巴克,杨枝甘露,外卖,杨枝甘露料不算多，不过味道还可以,3,中性
464,2026-06-21,蜜雪茶姬,柠檬茶,外卖,柠檬茶料不算多，不过味道还可以,3,中性
465,2026-06-06,爷爷喜欢茶,厚乳拿铁,门店,门店店员服务好，厚乳拿铁做得很快，口味稳定,5,正面
466,2026-06-19,爷爷喜欢茶,杨枝甘露,外卖,配送慢，送到时杨枝甘露已经不新鲜,1,负面
467,2026-06-04,瑞巴克,杨枝甘露,门店,瑞巴克这次的杨枝甘露挺划算，排队也不久,4,正面
468,2026-06-19,爷爷喜欢茶,厚乳拿铁,外卖,厚乳拿铁味道还可以，但是没有特别惊喜,3,中性
469,2026-06-21,爷爷喜欢茶,厚乳拿铁,外卖,爷爷喜欢茶的厚乳拿铁甜度正常，价格也一般,3,中性
470,2026-06-17,蜜雪茶姬,厚乳拿铁,外卖,这杯厚乳拿铁太淡了，还有点苦，不好喝,1,负面
471,2026-06-10,瑞巴克,杨枝甘露,门店,这杯杨枝甘露很香，喝起来新鲜，整体满意,4,正面
472,2026-06-28,爷爷喜欢茶,厚乳拿铁,门店,厚乳拿铁清爽不腻，珍珠口感好，下次还会买,5,正面
473,2026-06-25,蜜雪茶姬,柠檬茶,外卖,蜜雪茶姬的柠檬茶很好喝，甜度合适，价格也实惠,5,正面
474,2026-06-13,蜜雪茶姬,厚乳拿铁,外卖,这杯厚乳拿铁太淡了，还有点苦，不好喝,1,负面
475,2026-06-10,爷爷喜欢茶,厚乳拿铁,门店,门店店员服务好，厚乳拿铁做得很快，口味稳定,4,正面
476,2026-06-27,蜜雪茶姬,柠檬茶,外卖,门店店员服务好，柠檬茶做得很快，口味稳定,4,正面
477,2026-06-23,瑞巴克,杨枝甘露,外卖,杨枝甘露喝着还行，出餐速度一般,3,中性
478,2026-06-11,瑞巴克,杨枝甘露,外卖,门店店员服务好，杨枝甘露做得很快，口味稳定,5,正面
479,2026-06-24,爷爷喜欢茶,杨枝甘露,门店,爷爷喜欢茶最近涨价明显，性价比低,1,负面
480,2026-06-14,瑞巴克,柠檬茶,门店,柠檬茶珍珠硬，冰太多，料少,1,负面
481,2026-06-17,蜜雪茶姬,柠檬茶,外卖,门店店员服务好，柠檬茶做得很快，口味稳定,4,正面
482,2026-06-09,瑞巴克,杨枝甘露,外卖,瑞巴克的杨枝甘露很好喝，甜度合适，价格也实惠,4,正面
483,2026-06-13,瑞巴克,杨枝甘露,外卖,今天买的杨枝甘露很清爽，服务好，出餐速度快,4,正面
484,2026-06-15,瑞巴克,杨枝甘露,外卖,这杯杨枝甘露很香，喝起来新鲜，整体满意,5,正面
485,2026-06-25,瑞巴克,柠檬茶,外卖,外卖包装漏了，杯盖不紧，袋子湿了,2,负面
486,2026-06-04,爷爷喜欢茶,厚乳拿铁,门店,厚乳拿铁喝着还行，出餐速度一般,3,中性
487,2026-06-02,爷爷喜欢茶,厚乳拿铁,门店,爷爷喜欢茶的厚乳拿铁很好喝，甜度合适，价格也实惠,5,正面
488,2026-06-07,爷爷喜欢茶,厚乳拿铁,外卖,门店店员服务好，厚乳拿铁做得很快，口味稳定,5,正面
489,2026-06-18,爷爷喜欢茶,杨枝甘露,门店,点的杨枝甘露送错了，处理也不及时,2,负面
490,2026-06-11,爷爷喜欢茶,杨枝甘露,外卖,这杯杨枝甘露太淡了，还有点苦，不好喝,2,负面
491,2026-06-26,蜜雪茶姬,柠檬茶,门店,蜜雪茶姬的柠檬茶甜度正常，价格也一般,3,中性
492,2026-06-12,蜜雪茶姬,柠檬茶,门店,今天买的柠檬茶很清爽，服务好，出餐速度快,5,正面
493,2026-06-20,爷爷喜欢茶,厚乳拿铁,门店,今天买的厚乳拿铁很清爽，服务好，出餐速度快,4,正面
494,2026-06-21,蜜雪茶姬,厚乳拿铁,外卖,蜜雪茶姬的厚乳拿铁价格贵，感觉不划算,2,负面
495,2026-06-03,蜜雪茶姬,柠檬茶,外卖,这杯柠檬茶很香，喝起来新鲜，整体满意,5,正面
496,2026-06-03,瑞巴克,杨枝甘露,外卖,瑞巴克这次的杨枝甘露挺划算，排队也不久,4,正面
497,2026-06-27,爷爷喜欢茶,厚乳拿铁,外卖,爷爷喜欢茶门店人比较多，整体体验一般,3,中性
498,2026-06-15,瑞巴克,柠檬茶,外卖,店员态度差，问甜度时很不耐烦,2,负面
499,2026-06-13,蜜雪茶姬,厚乳拿铁,外卖,这杯厚乳拿铁太淡了，还有点苦，不好喝,1,负面
500,2026-06-21,蜜雪茶姬,柠檬茶,外卖,这杯柠檬茶很香，喝起来新鲜，整体满意,4,正面
501,2026-06-06,爷爷喜欢茶,杨枝甘露,门店,爷爷喜欢茶的杨枝甘露价格贵，感觉不划算,1,负面
502,2026-06-02,蜜雪茶姬,柠檬茶,门店,外卖送来的柠檬茶包装好，冰量合适，味道喜欢,5,正面
503,2026-06-09,爷爷喜欢茶,厚乳拿铁,外卖,今天买的厚乳拿铁很清爽，服务好，出餐速度快,4,正面
504,2026-06-27,蜜雪茶姬,厚乳拿铁,外卖,中午排队等很久，厚乳拿铁出餐慢,1,负面
505,2026-06-26,瑞巴克,柠檬茶,门店,店员态度差，问甜度时很不耐烦,1,负面
506,2026-06-28,爷爷喜欢茶,厚乳拿铁,门店,厚乳拿铁口感好，料足，包装好，没有洒,4,正面
507,2026-06-22,蜜雪茶姬,柠檬茶,门店,蜜雪茶姬的柠檬茶甜度正常，价格也一般,3,中性
508,2026-06-24,瑞巴克,杨枝甘露,门店,门店店员服务好，杨枝甘露做得很快，口味稳定,4,正面
509,2026-06-05,瑞巴克,杨枝甘露,外卖,外卖杨枝甘露送到时还行，没有明显问题,3,中性
510,2026-06-01,蜜雪茶姬,厚乳拿铁,外卖,这杯厚乳拿铁太淡了，还有点苦，不好喝,1,负面
511,2026-06-06,蜜雪茶姬,厚乳拿铁,门店,蜜雪茶姬的厚乳拿铁价格贵，感觉不划算,2,负面
512,2026-06-16,瑞巴克,杨枝甘露,门店,门店店员服务好，杨枝甘露做得很快，口味稳定,4,正面
513,2026-06-16,蜜雪茶姬,柠檬茶,门店,柠檬茶喝着还行，出餐速度一般,3,中性
514,2026-06-18,爷爷喜欢茶,厚乳拿铁,门店,厚乳拿铁清爽不腻，珍珠口感好，下次还会买,4,正面
515,2026-06-27,蜜雪茶姬,柠檬茶,外卖,外卖柠檬茶送到时还行，没有明显问题,3,中性
516,2026-06-07,瑞巴克,柠檬茶,外卖,点的柠檬茶送错了，处理也不及时,1,负面
517,2026-06-25,蜜雪茶姬,柠檬茶,外卖,蜜雪茶姬这次的柠檬茶挺划算，排队也不久,4,正面
518,2026-06-23,蜜雪茶姬,柠檬茶,外卖,这杯柠檬茶很香，喝起来新鲜，整体满意,4,正面
519,2026-06-23,瑞巴克,杨枝甘露,外卖,瑞巴克门店人比较多，整体体验一般,3,中性
520,2026-06-11,蜜雪茶姬,柠檬茶,外卖,今天买的柠檬茶很清爽，服务好，出餐速度快,4,正面
